random_order,FT_Category
1,31
2,32
3,27
4,25
5,25
6,32
7,34
8,27
9,32
10,23
11,4
12,34
13,34
14,35
15,28
16,34
17,32
18,32
19,34
20,21
21,32
22,17
23,25
24,23
25,10
26,34
27,4
28,35
29,26
30,36
31,32
32,33
33,23
34,3
35,32
36,32
37,25
38,42
39,28
40,2
41,39
42,25
43,10
44,26
45,35
46,26
47,19
48,25
49,25
50,23
51,27
52,37
53,39
54,10
55,42
56,25
57,40
58,38
59,32
60,38
61,10
62,17
63,35
64,3
65,31
66,39
67,32
68,11
69,39
70,34
71,32
72,37
73,10
74,35
75,4
76,4
77,38
78,39
79,41
80,16
81,33
82,39
83,40
84,17
85,17
86,1
87,5
88,25
89,32
90,17
91,34
92,39
93,18
94,17
95,43
96,34
97,32
98,32
99,34
100,35
101,34
102,25
103,25
104,38
105,32
106,4
107,19
108,3
109,35
110,34
111,25
112,34
113,32
114,32
115,4
116,18
117,26
118,23
119,1
120,25
121,35
122,12
123,25
124,32
125,10
126,32
127,17
128,25
129,40
130,35
131,25
132,25
133,37
134,43
135,32
136,3
137,40
138,34
139,34
140,10
141,25
142,40
143,28
144,10
145,34
146,4
147,32
148,12
149,4
150,34
151,10
152,34
153,34
154,32
155,1
156,32
157,17
158,33
159,17
160,23
161,42
162,31
163,32
164,25
165,40
166,16
167,42
168,23
169,28
170,37
171,12
172,37
173,12
174,4
175,10
176,38
177,41
178,25
179,32
180,40
181,16
182,35
183,33
184,11
185,33
186,39
187,25
188,35
189,39
190,4
191,31
192,31
193,25
194,22
195,37
196,10
197,34
198,32
199,25
200,31
201,4
202,39
203,4
204,32
205,34
206,4
207,35
208,34
209,34
210,19
211,10
212,10
213,3
214,32
215,33
216,34
217,32
218,25
219,43
220,42
221,42
222,25
223,32
224,32
225,18
226,25
227,31
228,25
229,34
230,34
231,32
232,32
233,32
234,25
235,23
236,32
237,25
238,33
239,4
240,26
241,17
242,32
243,31
244,39
245,25
246,35
247,1
248,3
249,34
250,11
251,43
252,25
253,32
254,10
255,4
256,32
257,32
258,39
259,21
260,39
261,1
262,26
263,32
264,32
265,25
266,26
267,32
268,33
269,32
270,4
271,34
272,32
273,34
274,29
275,34
276,25
277,25
278,32
279,25
280,10
281,37
282,19
283,33
284,17
285,34
286,41
287,33
288,4
289,42
290,32
291,34
292,18
293,25
294,37
295,25
296,4
297,32
298,32
299,25
300,32
301,35
302,34
303,10
304,4
305,10
306,25
307,32
308,12
309,33
310,21
311,25
312,16
313,13
314,32
315,17
316,32
317,32
318,31
319,32
320,39
321,26
322,19
323,25
324,22
325,41
326,32
327,34
328,33
329,35
330,25
331,32
332,17
333,34
334,25
335,32
336,42
337,28
338,29
339,19
340,32
341,37
342,29
343,25
344,37
345,39
346,4
347,17
348,28
349,35
350,34
351,1
352,32
353,34
354,34
355,25
356,4
357,34
358,25
359,42
360,6
361,39
362,32
363,22
364,32
365,32
366,3
367,3
368,31
369,22
370,17
371,26
372,32
373,34
374,26
375,25
376,26
377,35
378,32
379,38
380,37
381,25
382,32
383,32
384,3
385,35
386,32
387,26
388,39
389,32
390,12
391,4
392,21
393,32
394,35
395,31
396,27
397,34
398,12
399,23
400,43
401,32
402,43
403,39
404,10
405,34
406,25
407,10
408,32
409,16
410,39
411,4
412,33
413,25
414,32
415,33
416,10
417,12
418,17
419,26
420,39
421,29
422,31
423,32
424,39
425,28
426,3
427,32
428,3
429,10
430,39
431,38
432,32
433,12
434,26
435,34
436,33
437,26
438,22
439,35
440,32
441,17
442,32
443,43
444,37
445,32
446,25
447,1
448,32
449,25
450,33
451,25
452,28
453,34
454,35
455,35
456,10
457,34
458,32
459,34
460,12
461,4
462,34
463,25
464,10
465,25
466,32
467,34
468,11
469,32
470,3
471,1
472,37
473,39
474,37
475,25
476,10
477,25
478,33
479,27
480,4
481,25
482,25
483,25
484,30
485,32
486,39
487,22
488,25
489,34
490,34
491,32
492,13
493,1
494,10
495,25
496,32
497,41
498,32
499,34
500,32
501,23
502,25
503,4
504,39
505,31
506,17
507,32
508,32
509,17
510,40
511,37
512,43
513,10
514,34
515,25
516,25
517,25
518,32
519,34
520,25
521,37
522,30
523,26
524,23
525,17
526,39
527,39
528,4
529,25
530,34
531,34
532,34
533,22
534,32
535,32
536,25
537,25
538,10
539,37
540,1
541,32
542,32
543,37
544,32
545,25
546,33
547,25
548,1
549,32
550,25
551,34
552,25
553,3
554,42
555,25
556,17
557,34
558,32
559,19
560,18
561,32
562,32
563,32
564,25
565,40
566,34
567,32
568,25
569,32
570,32
571,26
572,31
573,34
574,34
575,39
576,39
577,34
578,3
579,25
580,34
581,32
582,0
583,35
584,24
585,4
586,32
587,32
588,40
589,43
590,32
591,25
592,34
593,33
594,31
595,33
596,35
597,28
598,25
599,10
600,43
601,25
602,32
603,31
604,34
605,34
606,32
607,34
608,3
609,35
610,32
611,35
612,31
613,32
614,32
615,40
616,32
617,33
618,32
619,34
620,32
621,43
622,1
623,42
624,4
625,32
626,25
627,25
628,25
629,17
630,39
631,32
632,32
633,40
634,32
635,28
636,26
637,25
638,21
639,17
640,25
641,27
642,25
643,10
644,27
645,12
646,34
647,10
648,34
649,41
650,26
651,32
652,31
653,18
654,28
655,25
656,39
657,35
658,34
659,32
660,34
661,25
662,23
663,10
664,25
665,32
666,42
667,28
668,32
669,32
670,33
671,12
672,32
673,23
674,25
675,32
676,26
677,39
678,35
679,35
680,29
681,27
682,25
683,3
684,34
685,25
686,37
687,34
688,4
689,34
690,22
691,40
692,10
693,39
694,38
695,33
696,38
697,33
698,35
699,25
700,34
701,39
702,22
703,25
704,35
705,4
706,25
707,32
708,33
709,25
710,40
711,32
712,25
713,25
714,25
715,37
716,29
717,26
718,32
719,32
720,37
721,32
722,43
723,41
724,4
725,25
726,17
727,42
728,25
729,4
730,37
731,3
732,35
733,33
734,10
735,34
736,42
737,25
738,42
739,32
740,25
741,32
742,32
743,32
744,35
745,25
746,25
747,34
748,11
749,4
750,32
751,17
752,32
753,33
754,25
755,25
756,32
757,25
758,11
759,18
760,23
761,32
762,37
763,25
764,32
765,33
766,25
767,4
768,3
769,26
770,10
771,32
772,17
773,35
774,1
775,34
776,23
777,4
778,17
779,35
780,10
781,34
782,32
783,37
784,26
785,25
786,32
787,25
788,3
789,4
790,32
791,27
792,9
793,25
794,35
795,32
796,17
797,32
798,34
799,33
800,32
801,26
802,40
803,4
804,34
805,39
806,34
807,42
808,25
809,43
810,32
811,39
812,32
813,25
814,34
815,25
816,33
817,32
818,25
819,27
820,4
821,3
822,32
823,25
824,34
825,34
826,37
827,11
828,34
829,10
830,33
831,32
832,25
833,25
834,1
835,34
836,34
837,10
838,22
839,32
840,10
841,4
842,32
843,32
844,32
845,32
846,25
847,17
848,26
849,25
850,4
851,39
852,42
853,25
854,3
855,39
856,40
857,34
858,10
859,34
860,25
861,9
862,40
863,4
864,0
865,34
866,39
867,32
868,39
869,39
870,32
871,25
872,32
873,32
874,4
875,32
876,25
877,25
878,34
879,10
880,9
881,19
882,39
883,4
884,32
885,30
886,43
887,34
888,25
889,25
890,3
891,23
892,39
893,1
894,38
895,10
896,35
897,32
898,19
899,24
900,4
901,35
902,23
903,37
904,10
905,32
906,32
907,23
908,43
909,11
910,32
911,34
912,37
913,25
914,25
915,25
916,32
917,26
918,32
919,33
920,3
921,23
922,33
923,32
924,33
925,25
926,25
927,5
928,34
929,25
930,26
931,11
932,34
933,25
934,0
935,32
936,22
937,22
938,10
939,28
940,27
941,25
942,34
943,39
944,34
945,39
946,25
947,4
948,34
949,5
950,34
951,10
952,23
953,23
954,32
955,4
956,32
957,10
958,1
959,4
960,24
961,34
962,25
963,34
964,19
965,43
966,25
967,17
968,3
969,39
970,34
971,22
972,23
973,3
974,3
975,10
976,39
977,9
978,11
979,35
980,25
981,19
982,37
983,26
984,33
985,25
986,9
987,37
988,11
989,34
990,25
991,17
992,23
993,33
994,31
995,23
996,23
997,22
998,25
999,10
1000,42
1001,32
1002,19
1003,12
1004,32
1005,32
1006,25
1007,13
1008,25
1009,34
1010,42
1011,18
1012,26
1013,17
1014,34
1015,32
1016,39
1017,37
1018,35
1019,25
1020,25
1021,32
1022,25
1023,16
1024,3
1025,42
1026,25
1027,42
1028,10
1029,32
1030,32
1031,17
1032,25
1033,32
1034,10
1035,25
1036,1
1037,33
1038,7
1039,22
1040,39
1041,34
1042,25
1043,39
1044,16
1045,10
1046,32
1047,37
1048,32
1049,33
1050,39
1051,25
1052,25
1053,1
1054,18
1055,2
1056,32
1057,32
1058,25
1059,32
1060,28
1061,25
1062,25
1063,32
1064,25
1065,32
1066,25
1067,35
1068,32
1069,25
1070,1
1071,32
1072,25
1073,32
1074,4
1075,31
1076,23
1077,35
1078,26
1079,32
1080,25
1081,32
1082,35
1083,4
1084,12
1085,32
1086,33
1087,34
1088,32
1089,32
1090,10
1091,32
1092,9
1093,10
1094,26
1095,32
1096,22
1097,10
1098,35
1099,32
1100,23
1101,8
1102,4
1103,35
1104,32
1105,5
1106,34
1107,21
1108,35
1109,32
1110,4
1111,31
1112,43
1113,25
1114,25
1115,34
1116,11
1117,3
1118,25
1119,25
1120,10
1121,35
1122,25
1123,25
1124,26
1125,19
1126,40
1127,32
1128,32
1129,32
1130,25
1131,4
1132,4
1133,35
1134,10
1135,25
1136,32
1137,26
1138,34
1139,25
1140,34
1141,26
1142,26
1143,25
1144,34
1145,10
1146,4
1147,39
1148,25
1149,32
1150,34
1151,26
1152,34
1153,39
1154,10
1155,33
1156,32
1157,17
1158,32
1159,39
1160,43
1161,32
1162,25
1163,11
1164,3
1165,3
1166,25
1167,40
1168,26
1169,34
1170,25
1171,32
1172,25
1173,40
1174,34
1175,33
1176,34
1177,39
1178,22
1179,4
1180,25
1181,33
1182,10
1183,42
1184,4
1185,32
1186,34
1187,25
1188,4
1189,23
1190,32
1191,39
1192,5
1193,34
1194,5
1195,34
1196,22
1197,18
1198,4
1199,3
1200,26
1201,32
1202,32
1203,25
1204,34
1205,32
1206,19
1207,4
1208,25
1209,17
1210,7
1211,32
1212,32
1213,10
1214,17
1215,4
1216,25
1217,32
1218,16
1219,33
1220,28
1221,26
1222,17
1223,33
1224,37
1225,35
1226,32
1227,34
1228,10
1229,25
1230,39
1231,22
1232,18
1233,39
1234,39
1235,32
1236,19
1237,19
1238,25
1239,21
1240,26
1241,25
1242,32
1243,35
1244,33
1245,4
1246,25
1247,23
1248,32
1249,32
1250,29
1251,33
1252,17
1253,32
1254,12
1255,23
1256,27
1257,4
1258,32
1259,35
1260,25
1261,39
1262,34
1263,17
1264,33
1265,4
1266,32
1267,34
1268,19
1269,34
1270,9
1271,12
1272,32
1273,34
1274,32
1275,17
1276,39
1277,3
1278,25
1279,19
1280,32
1281,25
1282,17
1283,39
1284,32
1285,27
1286,32
1287,25
1288,12
1289,40
1290,39
1291,34
1292,35
1293,32
1294,10
1295,26
1296,39
1297,34
1298,25
1299,25
1300,32
1301,34
1302,18
1303,25
1304,25
1305,25
1306,32
1307,32
1308,27
1309,25
1310,43
1311,1
1312,40
1313,39
1314,23
1315,32
1316,32
1317,35
1318,32
1319,25
1320,32
1321,10
1322,32
1323,25
1324,3
1325,25
1326,35
1327,25
1328,41
1329,32
1330,32
1331,25
1332,26
1333,3
1334,32
1335,40
1336,25
1337,32
1338,40
1339,25
1340,33
1341,32
1342,31
1343,34
1344,29
1345,25
1346,32
1347,39
1348,39
1349,35
1350,12
1351,25
1352,10
1353,10
1354,34
1355,34
1356,34
1357,25
1358,31
1359,32
1360,35
1361,39
1362,25
1363,19
1364,3
1365,32
1366,40
1367,26
1368,34
1369,31
1370,3
1371,38
1372,32
1373,17
1374,25
1375,25
1376,39
1377,34
1378,25
1379,32
1380,39
1381,32
1382,27
1383,34
1384,40
1385,40
1386,32
1387,35
1388,18
1389,25
1390,26
1391,28
1392,19
1393,23
1394,25
1395,41
1396,42
1397,34
1398,34
1399,17
1400,39
1401,35
1402,32
1403,32
1404,32
1405,25
1406,4
1407,25
1408,32
1409,33
1410,4
1411,32
1412,35
1413,25
1414,12
1415,29
1416,23
1417,39
1418,17
1419,32
1420,10
1421,32
1422,27
1423,37
1424,3
1425,35
1426,34
1427,25
1428,22
1429,26
1430,9
1431,10
1432,22
1433,34
1434,25
1435,25
1436,25
1437,25
1438,31
1439,34
1440,40
1441,39
1442,43
1443,25
1444,37
1445,32
1446,17
1447,39
1448,32
1449,27
1450,40
1451,23
1452,36
1453,26
1454,32
1455,40
1456,9
1457,34
1458,4
1459,38
1460,25
1461,25
1462,39
1463,25
1464,32
1465,32
1466,34
1467,32
1468,28
1469,17
1470,3
1471,25
1472,21
1473,21
1474,32
1475,25
1476,10
1477,34
1478,35
1479,25
1480,34
1481,31
1482,32
1483,25
1484,26
1485,28
1486,4
1487,19
1488,25
1489,32
1490,33
1491,22
1492,32
1493,26
1494,17
1495,42
1496,32
1497,25
1498,32
1499,33
1500,25
1501,32
1502,34
1503,25
1504,25
1505,32
1506,25
1507,35
1508,27
1509,39
1510,33
1511,25
1512,32
1513,32
1514,4
1515,26
1516,25
1517,34
1518,25
1519,26
1520,32
1521,25
1522,11
1523,3
1524,43
1525,34
1526,25
1527,35
1528,18
1529,10
1530,34
1531,32
1532,19
1533,19
1534,39
1535,39
1536,39
1537,21
1538,17
1539,40
1540,39
1541,33
1542,10
1543,32
1544,25
1545,13
1546,17
1547,37
1548,27
1549,41
1550,41
1551,25
1552,12
1553,32
1554,12
1555,32
1556,21
1557,26
1558,23
1559,33
1560,25
1561,32
1562,25
1563,39
1564,3
1565,17
1566,32
1567,26
1568,43
1569,34
1570,35
1571,32
1572,38
1573,32
1574,28
1575,35
1576,34
1577,4
1578,32
1579,43
1580,38
1581,17
1582,32
1583,34
1584,32
1585,17
1586,25
1587,30
1588,4
1589,33
1590,39
1591,33
1592,33
1593,27
1594,4
1595,26
1596,34
1597,43
1598,16
1599,39
1600,11
1601,8
1602,34
1603,25
1604,3
1605,37
1606,1
1607,32
1608,25
1609,32
1610,25
1611,34
1612,32
1613,35
1614,32
1615,37
1616,26
1617,34
1618,1
1619,43
1620,21
1621,32
1622,4
1623,34
1624,34
1625,32
1626,28
1627,33
1628,25
1629,32
1630,20
1631,33
1632,34
1633,34
1634,4
1635,38
1636,17
1637,32
1638,25
1639,25
1640,25
1641,25
1642,25
1643,39
1644,4
1645,23
1646,32
1647,32
1648,17
1649,35
1650,25
1651,34
1652,23
1653,39
1654,25
1655,12
1656,32
1657,24
1658,25
1659,3
1660,34
1661,34
1662,43
1663,17
1664,32
1665,32
1666,39
1667,32
1668,32
1669,34
1670,19
1671,13
1672,43
1673,32
1674,34
1675,25
1676,32
1677,21
1678,4
1679,11
1680,25
1681,23
1682,32
1683,32
1684,33
1685,12
1686,32
1687,35
1688,17
1689,32
1690,33
1691,25
1692,25
1693,10
1694,30
1695,28
1696,25
1697,25
1698,31
1699,32
1700,28
1701,35
1702,32
1703,25
1704,41
1705,34
1706,32
1707,10
1708,35
1709,25
1710,42
1711,25
1712,32
1713,36
1714,33
1715,34
1716,32
1717,27
1718,23
1719,34
1720,39
1721,32
1722,27
1723,32
1724,32
1725,1
1726,32
1727,40
1728,32
1729,39
1730,4
1731,19
1732,4
1733,34
1734,22
1735,43
1736,3
1737,28
1738,4
1739,32
1740,23
1741,25
1742,21
1743,32
1744,39
1745,37
1746,25
1747,43
1748,25
1749,28
1750,37
1751,32
1752,32
1753,31
1754,32
1755,25
1756,39
1757,34
1758,12
1759,34
1760,19
1761,39
1762,25
1763,25
1764,32
1765,32
1766,26
1767,25
1768,26
1769,35
1770,3
1771,42
1772,10
1773,34
1774,34
1775,39
1776,26
1777,32
1778,43
1779,35
1780,8
1781,29
1782,17
1783,34
1784,32
1785,25
1786,4
1787,33
1788,3
1789,26
1790,25
1791,32
1792,39
1793,29
1794,22
1795,41
1796,25
1797,32
1798,26
1799,25
1800,25
1801,25
1802,35
1803,17
1804,33
1805,33
1806,32
1807,34
1808,32
1809,12
1810,34
1811,25
1812,34
1813,33
1814,31
1815,40
1816,25
1817,12
1818,29
1819,17
1820,30
1821,33
1822,10
1823,32
1824,21
1825,19
1826,25
1827,32
1828,11
1829,10
1830,17
1831,32
1832,34
1833,25
1834,42
1835,32
1836,33
1837,33
1838,3
1839,25
1840,39
1841,31
1842,32
1843,25
1844,25
1845,10
1846,32
1847,39
1848,17
1849,27
1850,40
1851,39
1852,34
1853,34
1854,39
1855,32
1856,39
1857,17
1858,23
1859,3
1860,34
1861,38
1862,33
1863,4
1864,33
1865,4
1866,34
1867,40
1868,25
1869,32
1870,43
1871,32
1872,32
1873,39
1874,42
1875,23
1876,35
1877,33
1878,10
1879,8
1880,12
1881,30
1882,19
1883,4
1884,34
1885,31
1886,39
1887,22
1888,17
1889,34
1890,28
1891,34
1892,39
1893,17
1894,34
1895,32
1896,32
1897,25
1898,26
1899,32
1900,32
1901,39
1902,29
1903,11
1904,25
1905,32
1906,11
1907,9
1908,17
1909,33
1910,25
1911,32
1912,17
1913,10
1914,25
1915,40
1916,32
1917,34
1918,33
1919,33
1920,4
1921,34
1922,11
1923,2
1924,39
1925,40
1926,22
1927,39
1928,39
1929,34
1930,19
1931,4
1932,34
1933,26
1934,32
1935,40
1936,4
1937,37
1938,4
1939,16
1940,35
1941,11
1942,34
1943,39
1944,25
1945,10
1946,32
1947,33
1948,34
1949,27
1950,26
1951,4
1952,12
1953,3
1954,35
1955,32
1956,32
1957,34
1958,25
1959,34
1960,32
1961,32
1962,11
1963,31
1964,43
1965,25
1966,10
1967,38
1968,28
1969,39
1970,39
1971,1
1972,25
1973,32
1974,32
1975,34
1976,38
1977,39
1978,29
1979,39
1980,25
1981,17
1982,25
1983,1
1984,35
1985,43
1986,27
1987,12
1988,31
1989,34
1990,25
1991,5
1992,25
1993,25
1994,32
1995,43
1996,9
1997,25
1998,25
1999,32
2000,4
2001,32
2002,32
2003,11
2004,40
2005,32
2006,39
2007,34
2008,25
2009,32
2010,10
2011,23
2012,29
2013,10
2014,42
2015,4
2016,39
2017,39
2018,39
2019,17
2020,11
2021,32
2022,32
2023,43
2024,10
2025,10
2026,10
2027,34
2028,34
2029,33
2030,26
2031,1
2032,26
2033,32
2034,10
2035,10
2036,21
2037,32
2038,33
2039,34
2040,11
2041,34
2042,1
2043,13
2044,35
2045,23
2046,40
2047,10
2048,26
2049,22
2050,40
2051,32
2052,31
2053,34
2054,34
2055,26
2056,28
2057,34
2058,21
2059,9
2060,32
2061,15
2062,25
2063,39
2064,28
2065,25
2066,16
2067,31
2068,17
2069,10
2070,32
2071,35
2072,33
2073,25
2074,3
2075,38
2076,33
2077,39
2078,32
2079,10
2080,32
2081,26
2082,33
2083,32
2084,39
2085,32
2086,32
2087,3
2088,34
2089,4
2090,34
2091,42
2092,43
2093,25
2094,32
2095,25
2096,35
2097,32
2098,4
2099,32
2100,32
2101,25
2102,34
2103,25
2104,4
2105,4
2106,39
2107,17
2108,34
2109,25
2110,25
2111,33
2112,32
2113,32
2114,25
2115,12
2116,34
2117,31
2118,39
2119,33
2120,32
2121,33
2122,25
2123,34
2124,26
2125,42
2126,0
2127,4
2128,10
2129,27
2130,21
2131,37
2132,32
2133,4
2134,25
2135,34
2136,10
2137,3
2138,35
2139,39
2140,32
2141,25
2142,31
2143,4
2144,32
2145,17
2146,4
2147,32
2148,37
2149,4
2150,39
2151,22
2152,17
2153,32
2154,25
2155,41
2156,25
2157,25
2158,33
2159,25
2160,25
2161,34
2162,25
2163,25
2164,1
2165,25
2166,11
2167,18
2168,35
2169,28
2170,34
2171,10
2172,25
2173,32
2174,34
2175,34
2176,26
2177,32
2178,0
2179,17
2180,34
2181,32
2182,35
2183,29
2184,35
2185,25
2186,10
2187,25
2188,26
2189,28
2190,42
2191,34
2192,32
2193,43
2194,32
2195,3
2196,32
2197,25
2198,24
2199,32
2200,32
2201,32
2202,33
2203,22
2204,25
2205,25
2206,39
2207,33
2208,33
2209,35
2210,3
2211,34
2212,25
2213,32
2214,10
2215,35
2216,32
2217,28
2218,34
2219,38
2220,32
2221,39
2222,35
2223,26
2224,4
2225,10
2226,37
2227,28
2228,29
2229,25
2230,35
2231,25
2232,40
2233,34
2234,39
2235,34
2236,32
2237,12
2238,4
2239,17
2240,11
2241,34
2242,35
2243,33
2244,25
2245,26
2246,26
2247,10
2248,25
2249,32
2250,38
2251,24
2252,34
2253,32
2254,37
2255,37
2256,13
2257,4
2258,25
2259,25
2260,34
2261,25
2262,34
2263,18
2264,25
2265,32
2266,32
2267,35
2268,25
2269,32
2270,13
2271,37
2272,39
2273,39
2274,1
2275,32
2276,33
2277,25
2278,32
2279,33
2280,32
2281,33
2282,25
2283,34
2284,23
2285,10
2286,34
2287,25
2288,26
2289,31
2290,11
2291,10
2292,22
2293,1
2294,17
2295,35
2296,39
2297,41
2298,25
2299,17
2300,32
2301,40
2302,34
2303,25
2304,25
2305,42
2306,32
2307,16
2308,12
2309,39
2310,21
2311,34
2312,10
2313,32
2314,19
2315,10
2316,4
2317,17
2318,32
2319,25
2320,31
2321,10
2322,16
2323,25
2324,32
2325,35
2326,18
2327,37
2328,18
2329,32
2330,10
2331,25
2332,35
2333,29
2334,8
2335,25
2336,37
2337,32
2338,26
2339,27
2340,29
2341,10
2342,25
2343,10
2344,12
2345,21
2346,32
2347,34
2348,32
2349,25
2350,26
2351,41
2352,33
2353,28
2354,32
2355,24
2356,3
2357,40
2358,4
2359,12
2360,25
2361,39
2362,4
2363,37
2364,32
2365,32
2366,34
2367,34
2368,40
2369,25
2370,39
2371,33
2372,3
2373,32
2374,16
2375,25
2376,34
2377,25
2378,9
2379,1
2380,25
2381,33
2382,35
2383,34
2384,34
2385,27
2386,36
2387,32
2388,38
2389,33
2390,41
2391,32
2392,35
2393,17
2394,39
2395,35
2396,25
2397,25
2398,29
2399,35
2400,38
2401,25
2402,3
2403,4
2404,25
2405,10
2406,4
2407,32
2408,25
2409,25
2410,19
2411,33
2412,39
2413,40
2414,4
2415,23
2416,33
2417,10
2418,9
2419,35
2420,39
2421,34
2422,39
2423,17
2424,39
2425,35
2426,32
2427,31
2428,11
2429,29
2430,4
2431,19
2432,32
2433,3
2434,33
2435,32
2436,39
2437,32
2438,32
2439,34
2440,32
2441,25
2442,34
2443,34
2444,12
2445,3
2446,30
2447,28
2448,17
2449,4
2450,39
2451,3
2452,35
2453,32
2454,11
2455,40
2456,25
2457,11
2458,12
2459,25
2460,11
2461,34
2462,25
2463,32
2464,32
2465,38
2466,32
2467,32
2468,31
2469,39
2470,37
2471,31
2472,34
2473,32
2474,32
2475,10
2476,23
2477,35
2478,25
2479,40
2480,32
2481,32
2482,10
2483,11
2484,8
2485,4
2486,34
2487,12
2488,25
2489,40
2490,35
2491,24
2492,32
2493,10
2494,37
2495,34
2496,24
2497,43
2498,32
2499,3
2500,3
2501,25
2502,34
2503,31
2504,25
2505,35
2506,25
2507,34
2508,32
2509,38
2510,32
2511,32
2512,32
2513,32
2514,38
2515,12
2516,39
2517,3
2518,34
2519,28
2520,32
2521,25
2522,32
2523,25
2524,25
2525,25
2526,25
2527,35
2528,23
2529,26
2530,17
2531,35
2532,33
2533,32
2534,28
2535,25
2536,3
2537,40
2538,17
2539,32
2540,34
2541,10
2542,4
2543,34
2544,3
2545,9
2546,12
2547,21
2548,32
2549,12
2550,34
2551,25
2552,42
2553,32
2554,35
2555,23
2556,4
2557,32
2558,32
2559,39
2560,41
2561,32
2562,1
2563,26
2564,38
2565,38
2566,10
2567,39
2568,35
2569,3
2570,28
2571,39
2572,12
2573,19
2574,10
2575,31
2576,25
2577,3
2578,4
2579,19
2580,3
2581,34
2582,23
2583,39
2584,16
2585,17
2586,32
2587,32
2588,35
2589,32
2590,34
2591,34
2592,27
2593,28
2594,34
2595,38
2596,4
2597,34
2598,4
2599,34
2600,33
2601,4
2602,17
2603,32
2604,28
2605,35
2606,32
2607,3
2608,22
2609,26
2610,25
2611,35
2612,39
2613,25
2614,26
2615,32
2616,21
2617,26
2618,25
2619,26
2620,32
2621,25
2622,39
2623,9
2624,17
2625,17
2626,25
2627,4
2628,25
2629,35
2630,11
2631,4
2632,4
2633,10
2634,43
2635,4
2636,17
2637,25
2638,11
2639,32
2640,18
2641,40
2642,17
2643,39
2644,33
2645,17
2646,32
2647,39
2648,34
2649,34
2650,26
2651,34
2652,35
2653,26
2654,34
2655,32
2656,25
2657,38
2658,25
2659,38
2660,4
2661,25
2662,17
2663,4
2664,32
2665,25
2666,19
2667,17
2668,43
2669,35
2670,26
2671,10
2672,32
2673,34
2674,4
2675,39
2676,10
2677,39
2678,25
2679,32
2680,26
2681,25
2682,32
2683,34
2684,25
2685,39
2686,31
2687,12
2688,39
2689,32
2690,32
2691,4
2692,32
2693,33
2694,39
2695,43
2696,30
2697,1
2698,31
2699,34
2700,25
2701,32
2702,4
2703,39
2704,41
2705,32
2706,34
2707,23
2708,3
2709,34
2710,32
2711,17
2712,25
2713,25
2714,18
2715,17
2716,32
2717,32
2718,32
2719,19
2720,17
2721,32
2722,25
2723,39
2724,32
2725,17
2726,34
2727,25
2728,39
2729,32
2730,23
2731,32
2732,23
2733,35
2734,32
2735,17
2736,10
2737,4
2738,25
2739,41
2740,37
2741,43
2742,12
2743,25
2744,25
2745,25
2746,4
2747,29
2748,33
2749,25
2750,4
2751,32
2752,31
2753,32
2754,17
2755,25
2756,22
2757,39
2758,32
2759,31
2760,26
2761,4
2762,38
2763,28
2764,35
2765,32
2766,37
2767,39
2768,4
2769,25
2770,32
2771,11
2772,26
2773,32
2774,25
2775,32
2776,10
2777,32
2778,34
2779,3
2780,35
2781,23
2782,25
2783,17
2784,26
2785,19
2786,34
2787,33
2788,32
2789,12
2790,40
2791,27
2792,26
2793,3
2794,39
2795,25
2796,28
2797,40
2798,33
2799,25
2800,1
2801,21
2802,34
2803,33
2804,25
2805,33
2806,25
2807,32
2808,30
2809,32
2810,32
2811,33
2812,32
2813,30
2814,25
2815,32
2816,26
2817,35
2818,25
2819,23
2820,24
2821,31
2822,4
2823,34
2824,34
2825,39
2826,34
2827,25
2828,34
2829,17
2830,17
2831,26
2832,25
2833,32
2834,32
2835,25
2836,12
2837,11
2838,17
2839,25
2840,43
2841,22
2842,32
2843,40
2844,25
2845,34
2846,25
2847,5
2848,1
2849,39
2850,32
2851,11
2852,25
2853,35
2854,1
2855,12
2856,38
2857,25
2858,34
2859,35
2860,32
2861,39
2862,32
2863,41
2864,17
2865,32
2866,39
2867,26
2868,23
2869,25
2870,10
2871,25
2872,4
2873,35
2874,10
2875,35
2876,25
2877,38
2878,25
2879,10
2880,30
2881,39
2882,26
2883,28
2884,37
2885,26
2886,32
2887,34
2888,4
2889,10
2890,39
2891,34
2892,33
2893,39
2894,4
2895,23
2896,25
2897,35
2898,16
2899,32
2900,35
2901,25
2902,35
2903,17
2904,41
2905,26
2906,22
2907,32
2908,34
2909,5
2910,39
2911,1
2912,39
2913,35
2914,33
2915,25
2916,41
2917,25
2918,23
2919,25
2920,40
2921,17
2922,4
2923,43
2924,34
2925,35
2926,3
2927,37
2928,26
2929,17
2930,34
2931,4
2932,35
2933,25
2934,25
2935,34
2936,39
2937,34
2938,28
2939,10
2940,34
2941,34
2942,39
2943,26
2944,25
2945,4
2946,39
2947,25
2948,25
2949,31
2950,26
2951,42
2952,32
2953,42
2954,10
2955,19
2956,39
2957,1
2958,25
2959,25
2960,34
2961,39
2962,32
2963,32
2964,25
2965,34
2966,23
2967,39
2968,35
2969,39
2970,32
2971,25
2972,10
2973,25
2974,33
2975,34
2976,32
2977,25
2978,34
2979,4
2980,39
2981,31
2982,37
2983,33
2984,32
2985,32
2986,4
2987,25
2988,33
2989,37
2990,3
2991,25
2992,10
2993,25
2994,24
2995,33
2996,18
2997,25
2998,19
2999,39
3000,31
3001,10
3002,4
3003,25
3004,32
3005,35
3006,25
3007,39
3008,34
3009,28
3010,25
3011,35
3012,32
3013,33
3014,1
3015,10
3016,32
3017,37
3018,34
3019,10
3020,40
3021,4
3022,25
3023,32
3024,25
3025,41
3026,11
3027,39
3028,34
3029,33
3030,34
3031,34
3032,32
3033,25
3034,42
3035,39
3036,10
3037,35
3038,25
3039,34
3040,42
3041,37
3042,25
3043,38
3044,25
3045,10
3046,3
3047,21
3048,39
3049,25
3050,3
3051,25
3052,18
3053,10
3054,31
3055,32
3056,34
3057,25
3058,32
3059,21
3060,43
3061,34
3062,34
3063,32
3064,4
3065,32
3066,33
3067,35
3068,25
3069,26
3070,34
3071,23
3072,32
3073,32
3074,25
3075,25
3076,27
3077,29
3078,11
3079,32
3080,32
3081,32
3082,32
3083,40
3084,32
3085,32
3086,30
3087,32
3088,32
3089,25
3090,3
3091,25
3092,25
3093,25
3094,4
3095,25
3096,35
3097,32
3098,35
3099,26
3100,37
3101,25
3102,26
3103,32
3104,33
3105,4
3106,25
3107,25
3108,34
3109,3
3110,26
3111,34
3112,42
3113,32
3114,12
3115,19
3116,34
3117,10
3118,10
3119,40
3120,32
3121,12
3122,17
3123,35
3124,32
3125,34
3126,1
3127,33
3128,17
3129,33
3130,32
3131,11
3132,25
3133,28
3134,25
3135,17
3136,4
3137,37
3138,25
3139,32
3140,39
3141,43
3142,28
3143,34
3144,4
3145,19
3146,34
3147,31
3148,35
3149,32
3150,25
3151,25
3152,40
3153,40
3154,32
3155,25
3156,1
3157,34
3158,18
3159,39
3160,32
3161,34
3162,32
3163,26
3164,43
3165,33
3166,32
3167,32
3168,40
3169,35
3170,25
3171,34
3172,34
3173,39
3174,10
3175,39
3176,35
3177,25
3178,34
3179,18
3180,32
3181,19
3182,32
3183,25
3184,25
3185,35
3186,12
3187,4
3188,1
3189,39
3190,10
3191,32
3192,40
3193,35
3194,35
3195,32
3196,25
3197,40
3198,10
3199,25
3200,18
3201,17
3202,39
3203,32
3204,32
3205,34
3206,25
3207,43
3208,33
3209,39
3210,4
3211,10
3212,26
3213,37
3214,26
3215,32
3216,32
3217,21
3218,4
3219,43
3220,4
3221,32
3222,34
3223,17
3224,25
3225,43
3226,16
3227,35
3228,37
3229,25
3230,34
3231,26
3232,33
3233,26
3234,19
3235,31
3236,31
3237,24
3238,10
3239,34
3240,34
3241,11
3242,32
3243,25
3244,34
3245,16
3246,38
3247,25
3248,25
3249,18
3250,34
3251,25
3252,33
3253,32
3254,25
3255,32
3256,34
3257,17
3258,17
3259,32
3260,32
3261,31
3262,26
3263,32
3264,16
3265,25
3266,25
3267,39
3268,25
3269,11
3270,5
3271,32
3272,10
3273,32
3274,19
3275,26
3276,25
3277,32
3278,32
3279,25
3280,34
3281,25
3282,26
3283,25
3284,33
3285,34
3286,25
3287,25
3288,34
3289,25
3290,9
3291,43
3292,39
3293,43
3294,10
3295,32
3296,4
3297,32
3298,25
3299,39
3300,12
3301,31
3302,19
3303,32
3304,32
3305,4
3306,10
3307,1
3308,34
3309,33
3310,37
3311,22
3312,39
3313,32
3314,34
3315,29
3316,32
3317,32
3318,32
3319,10
3320,27
3321,25
3322,32
3323,38
3324,35
3325,32
3326,10
3327,17
3328,8
3329,32
3330,28
3331,35
3332,17
3333,34
3334,35
3335,24
3336,10
3337,31
3338,32
3339,39
3340,29
3341,32
3342,34
3343,4
3344,32
3345,25
3346,25
3347,4
3348,26
3349,34
3350,25
3351,40
3352,11
3353,22
3354,28
3355,32
3356,11
3357,35
3358,29
3359,22
3360,10
3361,25
3362,28
3363,19
3364,32
3365,34
3366,25
3367,31
3368,25
3369,10
3370,35
3371,32
3372,33
3373,10
3374,32
3375,35
3376,35
3377,34
3378,32
3379,32
3380,23
3381,22
3382,1
3383,32
3384,34
3385,32
3386,17
3387,10
3388,32
3389,41
3390,17
3391,32
3392,34
3393,5
3394,37
3395,19
3396,31
3397,4
3398,43
3399,3
3400,39
3401,26
3402,4
3403,23
3404,23
3405,32
3406,25
3407,23
3408,32
3409,25
3410,39
3411,25
3412,39
3413,43
3414,28
3415,34
3416,17
3417,29
3418,38
3419,32
3420,37
3421,32
3422,4
3423,31
3424,10
3425,25
3426,4
3427,25
3428,18
3429,34
3430,11
3431,34
3432,31
3433,25
3434,35
3435,34
3436,34
3437,26
3438,39
3439,34
3440,32
3441,32
3442,28
3443,10
3444,33
3445,39
3446,32
3447,32
3448,32
3449,32
3450,19
3451,25
3452,4
3453,32
3454,4
3455,26
3456,39
3457,34
3458,23
3459,38
3460,38
3461,39
3462,17
3463,25
3464,19
3465,33
3466,3
3467,32
3468,32
3469,4
3470,2
3471,37
3472,26
3473,17
3474,3
3475,34
3476,4
3477,25
3478,25
3479,25
3480,32
3481,17
3482,26
3483,32
3484,26
3485,29
3486,11
3487,12
3488,18
3489,1
3490,34
3491,34
3492,31
3493,2
3494,35
3495,22
3496,25
3497,24
3498,16
3499,19
3500,25
3501,11
3502,17
3503,32
3504,31
3505,32
3506,43
3507,35
3508,4
3509,34
3510,12
3511,34
3512,34
3513,35
3514,9
3515,34
3516,41
3517,12
3518,34
3519,34
3520,25
3521,4
3522,32
3523,25
3524,4
3525,25
3526,34
3527,38
3528,4
3529,35
3530,3
3531,10
3532,27
3533,33
3534,42
3535,40
3536,41
3537,4
3538,25
3539,43
3540,17
3541,25
3542,33
3543,32
3544,34
3545,32
3546,10
3547,33
3548,25
3549,25
3550,3
3551,25
3552,37
3553,43
3554,32
3555,43
3556,32
3557,4
3558,35
3559,4
3560,39
3561,22
3562,26
3563,10
3564,32
3565,10
3566,34
3567,32
3568,25
3569,33
3570,11
3571,3
3572,29
3573,10
3574,25
3575,26
3576,32
3577,31
3578,25
3579,25
3580,19
3581,25
3582,19
3583,11
3584,39
3585,17
3586,1
3587,32
3588,25
3589,34
3590,25
3591,25
3592,25
3593,35
3594,39
3595,25
3596,39
3597,10
3598,32
3599,39
3600,34
3601,4
3602,32
3603,25
3604,4
3605,32
3606,43
3607,34
3608,12
3609,32
3610,32
3611,25
3612,30
3613,9
3614,25
3615,16
3616,35
3617,17
3618,19
3619,11
3620,11
3621,10
3622,32
3623,38
3624,10
3625,32
3626,32
3627,25
3628,35
3629,32
3630,19
3631,25
3632,25
3633,26
3634,26
3635,19
3636,39
3637,25
3638,23
3639,11
3640,25
3641,32
3642,27
3643,33
3644,34
3645,25
3646,12
3647,34
3648,25
3649,33
3650,31
3651,10
3652,26
3653,25
3654,31
3655,39
3656,35
3657,39
3658,25
3659,32
3660,35
3661,38
3662,27
3663,32
3664,38
3665,33
3666,40
3667,4
3668,16
3669,32
3670,32
3671,34
3672,32
3673,34
3674,28
3675,32
3676,25
3677,25
3678,1
3679,10
3680,1
3681,42
3682,34
3683,28
3684,10
3685,34
3686,23
3687,32
3688,37
3689,39
3690,32
3691,34
3692,9
3693,25
3694,15
3695,25
3696,11
3697,30
3698,4
3699,33
3700,32
3701,21
3702,32
3703,25
3704,25
3705,16
3706,22
3707,10
3708,25
3709,25
3710,33
3711,17
3712,34
3713,25
3714,25
3715,39
3716,34
3717,23
3718,25
3719,17
3720,34
3721,32
3722,35
3723,41
3724,25
3725,25
3726,35
3727,32
3728,25
3729,35
3730,34
3731,32
3732,19
3733,32
3734,34
3735,10
3736,4
3737,32
3738,35
3739,11
3740,35
3741,26
3742,32
3743,32
3744,42
3745,32
3746,37
3747,40
3748,40
3749,40
3750,34
3751,32
3752,25
3753,32
3754,34
3755,32
3756,31
3757,26
3758,25
3759,32
3760,32
3761,33
3762,32
3763,32
3764,25
3765,32
3766,4
3767,32
3768,17
3769,35
3770,40
3771,39
3772,25
3773,32
3774,32
3775,25
3776,33
3777,25
3778,10
3779,25
3780,11
3781,26
3782,17
3783,32
3784,32
3785,32
3786,34
3787,10
3788,4
3789,17
3790,32
3791,32
3792,26
3793,40
3794,26
3795,3
3796,40
3797,32
3798,37
3799,32
3800,31
3801,25
3802,34
3803,40
3804,25
3805,28
3806,41
3807,16
3808,3
3809,17
3810,25
3811,23
3812,42
3813,33
3814,25
3815,32
3816,23
3817,26
3818,32
3819,32
3820,32
3821,41
3822,34
3823,32
3824,25
3825,38
3826,10
3827,22
3828,25
3829,1
3830,42
3831,34
3832,32
3833,32
3834,25
3835,25
3836,25
3837,39
3838,32
3839,32
3840,23
3841,43
3842,32
3843,32
3844,37
3845,32
3846,32
3847,33
3848,22
3849,34
3850,41
3851,4
3852,25
3853,25
3854,25
3855,26
3856,25
3857,22
3858,34
3859,35
3860,25
3861,25
3862,34
3863,34
3864,23
3865,10
3866,10
3867,25
3868,43
3869,23
3870,25
3871,34
3872,33
3873,35
3874,4
3875,32
3876,25
3877,17
3878,37
3879,25
3880,43
3881,35
3882,26
3883,17
3884,23
3885,10
3886,25
3887,39
3888,35
3889,40
3890,32
3891,4
3892,26
3893,43
3894,35
3895,1
3896,33
3897,39
3898,23
3899,32
3900,3
3901,32
3902,32
3903,32
3904,38
3905,25
3906,30
3907,4
3908,32
3909,4
3910,21
3911,32
3912,25
3913,34
3914,34
3915,28
3916,32
3917,4
3918,34
3919,32
3920,12
3921,29
3922,32
3923,25
3924,39
3925,32
3926,33
3927,25
3928,26
3929,32
3930,39
3931,32
3932,34
3933,34
3934,3
3935,3
3936,35
3937,4
3938,12
3939,32
3940,17
3941,40
3942,1
3943,26
3944,4
3945,10
3946,25
3947,39
3948,17
3949,4
3950,31
3951,32
3952,11
3953,25
3954,4
3955,32
3956,32
3957,17
3958,17
3959,10
3960,25
3961,25
3962,33
3963,32
3964,39
3965,28
3966,25
3967,4
3968,43
3969,10
3970,34
3971,4
3972,34
3973,16
3974,42
3975,12
3976,32
3977,17
3978,3
3979,10
3980,32
3981,10
3982,10
3983,26
3984,32
3985,5
3986,32
3987,28
3988,38
3989,34
3990,17
3991,34
3992,21
3993,19
3994,4
3995,32
3996,34
3997,4
3998,25
3999,25
4000,35
4001,32
4002,40
4003,4
4004,25
4005,26
4006,34
4007,3
4008,37
4009,32
4010,11
4011,10
4012,37
4013,38
4014,28
4015,33
4016,4
4017,34
4018,12
4019,34
4020,29
4021,10
4022,32
4023,25
4024,21
4025,32
4026,12
4027,18
4028,35
4029,25
4030,25
4031,4
4032,25
4033,32
4034,39
4035,39
4036,12
4037,4
4038,22
4039,10
4040,31
4041,40
4042,32
4043,3
4044,25
4045,39
4046,32
4047,32
4048,25
4049,25
4050,32
4051,12
4052,32
4053,29
4054,40
4055,32
4056,32
4057,23
4058,35
4059,23
4060,26
4061,17
4062,25
4063,34
4064,4
4065,37
4066,35
4067,40
4068,25
4069,10
4070,33
4071,35
4072,12
4073,25
4074,32
4075,32
4076,26
4077,3
4078,4
4079,17
4080,3
4081,34
4082,32
4083,32
4084,25
4085,3
4086,39
4087,25
4088,14
4089,32
4090,11
4091,32
4092,10
4093,39
4094,32
4095,32
4096,34
4097,32
4098,25
4099,37
4100,10
4101,17
4102,39
4103,32
4104,34
4105,34
4106,32
4107,32
4108,32
4109,10
4110,19
4111,17
4112,21
4113,32
4114,38
4115,33
4116,17
4117,25
4118,25
4119,43
4120,39
4121,37
4122,17
4123,25
4124,16
4125,26
4126,32
4127,10
4128,35
4129,25
4130,32
4131,32
4132,3
4133,29
4134,39
4135,11
4136,12
4137,17
4138,25
4139,25
4140,37
4141,12
4142,32
4143,28
4144,32
4145,34
4146,32
4147,40
4148,34
4149,25
4150,3
4151,43
4152,39
4153,32
4154,34
4155,12
4156,25
4157,11
4158,3
4159,34
4160,26
4161,25
4162,33
4163,33
4164,25
4165,10
4166,34
4167,37
4168,4
4169,32
4170,32
4171,25
4172,39
4173,37
4174,35
4175,34
4176,7
4177,25
4178,35
4179,35
4180,35
4181,8
4182,4
4183,22
4184,39
4185,32
4186,12
4187,17
4188,32
4189,26
4190,39
4191,43
4192,32
4193,32
4194,34
4195,10
4196,32
4197,35
4198,25
4199,29
4200,34
4201,35
4202,35
4203,25
4204,39
4205,32
4206,12
4207,39
4208,31
4209,32
4210,34
4211,25
4212,33
4213,5
4214,32
4215,19
4216,25
4217,33
4218,39
4219,32
4220,25
4221,25
4222,25
4223,32
4224,25
4225,32
4226,26
4227,31
4228,34
4229,25
4230,32
4231,39
4232,3
4233,32
4234,4
4235,40
4236,39
4237,35
4238,32
4239,32
4240,32
4241,32
4242,27
4243,37
4244,43
4245,25
4246,27
4247,25
4248,25
4249,1
4250,33
4251,34
4252,32
4253,4
4254,23
4255,34
4256,17
4257,32
4258,17
4259,32
4260,4
4261,19
4262,28
4263,10
4264,4
4265,11
4266,32
4267,12
4268,29
4269,22
4270,33
4271,42
4272,33
4273,32
4274,38
4275,32
4276,33
4277,42
4278,34
4279,26
4280,11
4281,34
4282,34
4283,35
4284,35
4285,41
4286,32
4287,25
4288,34
4289,33
4290,39
4291,10
4292,25
4293,39
4294,19
4295,4
4296,37
4297,32
4298,10
4299,19
4300,10
4301,39
4302,25
4303,32
4304,26
4305,25
4306,35
4307,39
4308,32
4309,25
4310,25
4311,39
4312,26
4313,34
4314,25
4315,4
4316,38
4317,41
4318,43
4319,4
4320,4
4321,25
4322,32
4323,21
4324,32
4325,4
4326,22
4327,25
4328,29
4329,25
4330,35
4331,23
4332,35
4333,34
4334,32
4335,34
4336,32
4337,34
4338,32
4339,3
4340,3
4341,4
4342,32
4343,25
4344,25
4345,10
4346,17
4347,4
4348,25
4349,23
4350,32
4351,42
4352,26
4353,12
4354,32
4355,21
4356,25
4357,32
4358,32
4359,34
4360,25
4361,34
4362,25
4363,34
4364,1
4365,39
4366,4
4367,25
4368,33
4369,32
4370,25
4371,25
4372,43
4373,4
4374,32
4375,33
4376,31
4377,32
4378,42
4379,3
4380,35
4381,32
4382,25
4383,40
4384,39
4385,4
4386,10
4387,25
4388,32
4389,32
4390,1
4391,32
4392,22
4393,34
4394,34
4395,35
4396,23
4397,25
4398,28
4399,32
4400,32
4401,35
4402,34
4403,39
4404,35
4405,4
4406,25
4407,33
4408,16
4409,10
4410,4
4411,25
4412,23
4413,34
4414,32
4415,4
4416,34
4417,4
4418,4
4419,25
4420,23
4421,22
4422,32
4423,17
4424,28
4425,32
4426,22
4427,17
4428,17
4429,25
4430,34
4431,34
4432,32
4433,40
4434,17
4435,17
4436,3
4437,10
4438,35
4439,32
4440,1
4441,25
4442,35
4443,25
4444,31
4445,27
4446,1
4447,32
4448,4
4449,12
4450,25
4451,35
4452,16
4453,17
4454,43
4455,11
4456,25
4457,39
4458,34
4459,4
4460,43
4461,19
4462,1
4463,26
4464,39
4465,32
4466,34
4467,17
4468,5
4469,25
4470,37
4471,11
4472,25
4473,4
4474,10
4475,42
4476,32
4477,25
4478,41
4479,32
4480,17
4481,42
4482,32
4483,3
4484,22
4485,23
4486,12
4487,10
4488,32
4489,28
4490,25
4491,32
4492,32
4493,31
4494,39
4495,29
4496,31
4497,25
4498,40
4499,17
4500,3
4501,34
4502,32
4503,32
4504,12
4505,38
4506,34
4507,39
4508,25
4509,19
4510,3
4511,31
4512,25
4513,19
4514,32
4515,25
4516,32
4517,4
4518,32
4519,28
4520,31
4521,29
4522,4
4523,17
4524,33
4525,34
4526,32
4527,3
4528,25
4529,43
4530,2
4531,32
4532,37
4533,25
4534,35
4535,32
4536,34
4537,32
4538,1
4539,12
4540,43
4541,17
4542,39
4543,12
4544,35
4545,18
4546,9
4547,17
4548,39
4549,33
4550,14
4551,19
4552,32
4553,39
4554,39
4555,33
4556,4
4557,4
4558,22
4559,25
4560,33
4561,35
4562,28
4563,4
4564,17
4565,33
4566,28
4567,29
4568,25
4569,32
4570,4
4571,34
4572,34
4573,42
4574,34
4575,25
4576,32
4577,4
4578,32
4579,32
4580,25
4581,4
4582,11
4583,32
4584,34
4585,10
4586,12
4587,19
4588,3
4589,35
4590,34
4591,10
4592,25
4593,32
4594,37
4595,34
4596,34
4597,25
4598,43
4599,15
4600,10
4601,35
4602,26
4603,27
4604,25
4605,25
4606,35
4607,25
4608,4
4609,11
4610,10
4611,27
4612,39
4613,32
4614,37
4615,33
4616,34
4617,34
4618,32
4619,32
4620,34
4621,39
4622,42
4623,25
4624,39
4625,25
4626,32
4627,25
4628,25
4629,17
4630,38
4631,32
4632,19
4633,32
4634,39
4635,3
4636,34
4637,35
4638,33
4639,25
4640,34
4641,12
4642,28
4643,34
4644,38
4645,25
4646,4
4647,1
4648,31
4649,21
4650,32
4651,28
4652,12
4653,4
4654,17
4655,12
4656,25
4657,17
4658,10
4659,23
4660,16
4661,39
4662,32
4663,10
4664,25
4665,25
4666,34
4667,24
4668,11
4669,32
4670,33
4671,32
4672,11
4673,25
4674,17
4675,23
4676,11
4677,23
4678,11
4679,10
4680,32
4681,32
4682,33
4683,3
4684,25
4685,39
4686,26
4687,34
4688,32
4689,34
4690,35
4691,23
4692,18
4693,39
4694,25
4695,32
4696,23
4697,35
4698,25
4699,25
4700,35
4701,17
4702,36
4703,12
4704,33
4705,31
4706,4
4707,34
4708,25
4709,35
4710,9
4711,11
4712,25
4713,33
4714,17
4715,3
4716,32
4717,25
4718,11
4719,21
4720,32
4721,25
4722,25
4723,32
4724,41
4725,17
4726,21
4727,23
4728,39
4729,34
4730,3
4731,2
4732,32
4733,23
4734,32
4735,32
4736,4
4737,39
4738,34
4739,25
4740,25
4741,33
4742,25
4743,34
4744,35
4745,39
4746,32
4747,3
4748,32
4749,26
4750,4
4751,25
4752,31
4753,10
4754,25
4755,32
4756,12
4757,25
4758,27
4759,25
4760,10
4761,39
4762,25
4763,32
4764,34
4765,42
4766,39
4767,24
4768,27
4769,39
4770,34
4771,34
4772,35
4773,32
4774,3
4775,25
4776,34
4777,32
4778,17
4779,17
4780,25
4781,39
4782,32
4783,32
4784,34
4785,25
4786,35
4787,17
4788,11
4789,33
4790,32
4791,35
4792,39
4793,3
4794,29
4795,17
4796,23
4797,18
4798,10
4799,38
4800,34
4801,31
4802,17
4803,3
4804,10
4805,34
4806,17
4807,39
4808,34
4809,39
4810,25
4811,17
4812,32
4813,39
4814,17
4815,39
4816,33
4817,32
4818,32
4819,39
4820,39
4821,4
4822,38
4823,37
4824,32
4825,35
4826,12
4827,1
4828,34
4829,32
4830,32
4831,32
4832,1
4833,34
4834,17
4835,18
4836,11
4837,23
4838,35
4839,25
4840,34
4841,39
4842,25
4843,25
4844,39
4845,25
4846,33
4847,39
4848,33
4849,34
4850,32
4851,35
4852,39
4853,35
4854,10
4855,34
4856,34
4857,35
4858,50
4859,12
4860,17
4861,3
4862,37
4863,25
4864,35
4865,3
4866,34
4867,26
4868,38
4869,34
4870,32
4871,26
4872,32
4873,4
4874,39
4875,34
4876,32
4877,34
4878,23
4879,33
4880,35
4881,17
4882,27
4883,27
4884,40
4885,32
4886,10
4887,28
4888,39
4889,28
4890,0
4891,43
4892,12
4893,25
4894,22
4895,32
4896,35
4897,32
4898,24
4899,17
4900,25
4901,32
4902,39
4903,39
4904,25
4905,32
4906,8
4907,25
4908,23
4909,32
4910,4
4911,19
4912,37
4913,12
4914,3
4915,23
4916,39
4917,12
4918,39
4919,32
4920,25
4921,4
4922,10
4923,10
4924,25
4925,4
4926,1
4927,11
4928,32
4929,32
4930,32
4931,25
4932,32
4933,32
4934,4
4935,34
4936,40
4937,32
4938,32
4939,34
4940,38
4941,22
4942,34
4943,4
4944,32
4945,33
4946,3
4947,25
4948,39
4949,43
4950,33
4951,8
4952,38
4953,39
4954,27
4955,34
4956,32
4957,3
4958,25
4959,25
4960,4
4961,32
4962,38
4963,32
4964,34
4965,35
4966,32
4967,25
4968,3
4969,39
4970,23
4971,33
4972,3
4973,17
4974,3
4975,25
4976,35
4977,26
4978,33
4979,39
4980,26
4981,32
4982,35
4983,8
4984,34
4985,1
4986,25
4987,25
4988,39
4989,16
4990,34
4991,25
4992,19
4993,25
4994,33
4995,11
4996,34
4997,32
4998,34
4999,4
5000,34
5001,17
5002,32
5003,25
5004,26
5005,4
5006,32
5007,34
5008,34
5009,32
5010,33
5011,34
5012,3
5013,25
5014,100
5015,32
5016,25
5017,31
5018,35
5019,16
5020,25
5021,34
5022,4
5023,17
5024,25
5025,31
5026,42
5027,25
5028,32
5029,22
5030,25
5031,4
5032,32
5033,4
5034,43
5035,23
5036,10
5037,10
5038,29
5039,32
5040,25
5041,21
5042,29
5043,10
5044,34
5045,25
5046,43
5047,3
5048,32
5049,25
5050,19
5051,32
5052,40
5053,3
5054,37
5055,10
5056,32
5057,39
5058,25
5059,4
5060,32
5061,39
5062,33
5063,25
5064,35
5065,41
5066,11
5067,29
5068,4
5069,25
5070,25
5071,33
5072,34
5073,28
5074,25
5075,25
5076,25
5077,32
5078,35
5079,33
5080,25
5081,4
5082,39
5083,3
5084,34
5085,10
5086,10
5087,17
5088,32
5089,1
5090,34
5091,9
5092,22
5093,23
5094,25
5095,25
5096,16
5097,24
5098,34
5099,26
5100,25
5101,25
5102,24
5103,32
5104,25
5105,34
5106,33
5107,32
5108,26
5109,24
5110,34
5111,34
5112,4
5113,34
5114,25
5115,32
5116,32
5117,32
5118,25
5119,34
5120,34
5121,38
5122,4
5123,25
5124,25
5125,25
5126,34
5127,25
5128,33
5129,25
5130,25
5131,32
5132,25
5133,41
5134,41
5135,33
5136,25
5137,35
5138,4
5139,32
5140,4
5141,33
5142,25
5143,24
5144,32
5145,34
5146,25
5147,39
5148,25
5149,17
5150,23
5151,34
5152,32
5153,11
5154,3
5155,4
5156,39
5157,32
5158,32
5159,32
5160,25
5161,23
5162,32
5163,17
5164,22
5165,37
5166,22
5167,34
5168,17
5169,25
5170,39
5171,26
5172,32
5173,25
5174,3
5175,10
5176,25
5177,3
5178,34
5179,34
5180,39
5181,42
5182,32
5183,32
5184,25
5185,25
5186,25
5187,4
5188,28
5189,12
5190,32
5191,33
5192,10
5193,23
5194,18
5195,39
5196,34
5197,32
5198,34
5199,25
5200,23
5201,32
5202,19
5203,33
5204,24
5205,35
5206,4
5207,25
5208,4
5209,32
5210,39
5211,17
5212,22
5213,25
5214,3
5215,32
5216,32
5217,17
5218,25
5219,35
5220,12
5221,40
5222,32
5223,32
5224,40
5225,25
5226,25
5227,39
5228,25
5229,35
5230,32
5231,12
5232,19
5233,3
5234,25
5235,32
5236,32
5237,39
5238,3
5239,10
5240,34
5241,39
5242,14
5243,34
5244,25
5245,23
5246,40
5247,25
5248,32
5249,32
5250,31
5251,34
5252,1
5253,25
5254,34
5255,27
5256,30
5257,34
5258,25
5259,39
5260,32
5261,32
5262,33
5263,32
5264,34
5265,5
5266,32
5267,35
5268,40
5269,41
5270,13
5271,33
5272,35
5273,32
5274,25
5275,32
5276,1
5277,33
5278,37
5279,40
5280,10
5281,40
5282,43
5283,34
5284,35
5285,25
5286,37
5287,34
5288,32
5289,11
5290,25
5291,4
5292,26
5293,3
5294,4
5295,25
5296,25
5297,17
5298,32
5299,11
5300,38
5301,25
5302,11
5303,39
5304,39
5305,26
5306,34
5307,40
5308,19
5309,34
5310,41
5311,35
5312,38
5313,39
5314,26
5315,5
5316,32
5317,10
5318,19
5319,25
5320,10
5321,25
5322,32
5323,32
5324,32
5325,32
5326,25
5327,35
5328,35
5329,11
5330,11
5331,31
5332,37
5333,43
5334,35
5335,41
5336,4
5337,32
5338,17
5339,25
5340,34
5341,32
5342,40
5343,34
5344,34
5345,32
5346,4
5347,31
5348,34
5349,23
5350,26
5351,25
5352,39
5353,32
5354,34
5355,37
5356,1
5357,32
5358,17
5359,4
5360,19
5361,31
5362,32
5363,26
5364,12
5365,32
5366,19
5367,39
5368,26
5369,22
5370,17
5371,25
5372,37
5373,24
5374,29
5375,25
5376,30
5377,25
5378,11
5379,34
5380,26
5381,25
5382,39
5383,29
5384,32
5385,42
5386,10
5387,39
5388,31
5389,23
5390,26
5391,40
5392,32
5393,17
5394,34
5395,25
5396,25
5397,31
5398,25
5399,25
5400,33
5401,25
5402,34
5403,39
5404,35
5405,32
5406,26
5407,3
5408,18
5409,33
5410,25
5411,32
5412,25
5413,34
5414,25
5415,31
5416,34
5417,25
5418,10
5419,34
5420,34
5421,22
5422,34
5423,32
5424,34
5425,25
5426,34
5427,34
5428,39
5429,43
5430,32
5431,37
5432,29
5433,17
5434,25
5435,4
5436,18
5437,26
5438,42
5439,34
5440,40
5441,34
5442,25
5443,39
5444,35
5445,32
5446,25
5447,23
5448,39
5449,25
5450,34
5451,35
5452,25
5453,34
5454,4
5455,39
5456,3
5457,43
5458,25
5459,39
5460,32
5461,19
5462,1
5463,34
5464,29
5465,28
5466,34
5467,22
5468,32
5469,39
5470,32
5471,32
5472,25
5473,25
5474,27
5475,40
5476,39
5477,25
5478,21
5479,25
5480,32
5481,34
5482,25
5483,39
5484,23
5485,32
5486,34
5487,25
5488,10
5489,25
5490,4
5491,28
5492,0
5493,34
5494,17
5495,32
5496,37
5497,32
5498,32
5499,4
5500,4
5501,32
5502,32
5503,28
5504,25
5505,32
5506,17
5507,41
5508,39
5509,32
5510,35
5511,34
5512,36
5513,39
5514,31
5515,26
5516,1
5517,26
5518,43
5519,25
5520,32
5521,25
5522,17
5523,32
5524,32
5525,38
5526,25
5527,34
5528,5
5529,31
5530,40
5531,28
5532,34
5533,33
5534,10
5535,25
5536,39
5537,32
5538,25
5539,32
5540,10
5541,28
5542,39
5543,32
5544,34
5545,32
5546,32
5547,31
5548,24
5549,32
5550,33
5551,9
5552,3
5553,23
5554,19
5555,35
5556,33
5557,35
5558,21
5559,25
5560,25
5561,1
5562,12
5563,25
5564,38
5565,39
5566,25
5567,34
5568,25
5569,28
5570,10
5571,37
5572,25
5573,32
5574,35
5575,39
5576,11
5577,32
5578,15
5579,34
5580,38
5581,33
5582,37
5583,25
5584,11
5585,33
5586,4
5587,34
5588,25
5589,10
5590,1
5591,43
5592,4
5593,25
5594,17
5595,31
5596,35
5597,4
5598,37
5599,32
5600,35
5601,32
5602,39
5603,34
5604,17
5605,32
5606,35
5607,34
5608,1
5609,12
5610,23
5611,34
5612,32
5613,32
5614,25
5615,26
5616,39
5617,25
5618,33
5619,28
5620,32
5621,22
5622,10
5623,31
5624,26
5625,39
5626,11
5627,25
5628,25
5629,32
5630,33
5631,17
5632,33
5633,39
5634,10
5635,34
5636,10
5637,21
5638,32
5639,32
5640,31
5641,32
5642,25
5643,37
5644,34
5645,21
5646,33
5647,3
5648,39
5649,25
5650,34
5651,4
5652,30
5653,21
5654,26
5655,3
5656,34
5657,26
5658,10
5659,25
5660,25
5661,18
5662,32
5663,37
5664,32
5665,33
5666,19
5667,34
5668,39
5669,39
5670,10
5671,35
5672,37
5673,34
5674,34
5675,4
5676,34
5677,40
5678,32
5679,33
5680,34
5681,25
5682,33
5683,26
5684,10
5685,32
5686,40
5687,26
5688,14
5689,4
5690,35
5691,25
5692,31
5693,22
5694,25
5695,4
5696,4
5697,34
5698,34
5699,25
5700,40
5701,34
5702,25
5703,34
5704,32
5705,12
5706,25
5707,42
5708,32
5709,40
5710,32
5711,26
5712,10
5713,32
5714,19
5715,17
5716,34
5717,32
5718,28
5719,35
5720,28
5721,23
5722,11
5723,23
5724,32
5725,25
5726,25
5727,38
5728,25
5729,22
5730,40
5731,3
5732,3
5733,25
5734,25
5735,12
5736,32
5737,32
5738,11
5739,34
5740,32
5741,32
5742,9
5743,23
5744,25
5745,32
5746,34
5747,32
5748,32
5749,32
5750,34
5751,10
5752,32
5753,9
5754,3
5755,38
5756,39
5757,25
5758,34
5759,19
5760,34
5761,39
5762,19
5763,32
5764,34
5765,11
5766,25
5767,34
5768,23
5769,10
5770,26
5771,19
5772,34
5773,34
5774,32
5775,32
5776,23
5777,25
5778,32
5779,33
5780,25
5781,17
5782,4
5783,3
5784,43
5785,19
5786,1
5787,32
5788,10
5789,32
5790,10
5791,33
5792,39
5793,19
5794,23
5795,32
5796,33
5797,33
5798,25
5799,17
5800,25
5801,43
5802,34
5803,32
5804,25
5805,34
5806,27
5807,25
5808,23
5809,35
5810,4
5811,25
5812,32
5813,1
5814,10
5815,32
5816,3
5817,33
5818,32
5819,25
5820,25
5821,5
5822,17
5823,34
5824,37
5825,3
5826,10
5827,32
5828,25
5829,32
5830,1
5831,32
5832,4
5833,35
5834,17
5835,19
5836,21
5837,25
5838,23
5839,32
5840,4
5841,32
5842,35
5843,32
5844,32
5845,12
5846,34
5847,22
5848,32
5849,34
5850,19
5851,34
5852,10
5853,11
5854,10
5855,17
5856,33
5857,33
5858,43
5859,25
5860,43
5861,34
5862,10
5863,41
5864,39
5865,37
5866,33
5867,32
5868,3
5869,34
5870,38
5871,34
5872,32
5873,32
5874,19
5875,32
5876,25
5877,32
5878,34
5879,32
5880,10
5881,3
5882,26
5883,34
5884,32
5885,32
5886,21
5887,39
5888,17
5889,27
5890,17
5891,10
5892,34
5893,18
5894,30
5895,34
5896,25
5897,3
5898,4
5899,33
5900,17
5901,11
5902,32
5903,32
5904,39
5905,32
5906,32
5907,35
5908,26
5909,28
5910,33
5911,31
5912,32
5913,34
5914,34
5915,34
5916,32
5917,25
5918,25
5919,25
5920,39
5921,0
5922,25
5923,10
5924,34
5925,25
5926,4
5927,21
5928,39
5929,34
5930,32
5931,35
5932,32
5933,26
5934,35
5935,0
5936,0
5937,39
5938,32
5939,34
5940,25
5941,34
5942,34
5943,12
5944,26
5945,25
5946,32
5947,41
5948,39
5949,43
5950,32
5951,37
5952,5
5953,34
5954,25
5955,35
5956,40
5957,3
5958,25
5959,25
5960,32
5961,34
5962,3
5963,26
5964,33
5965,32
5966,35
5967,32
5968,40
5969,33
5970,32
5971,32
5972,34
5973,25
5974,17
5975,17
5976,34
5977,31
5978,17
5979,34
5980,25
5981,23
5982,17
5983,17
5984,23
5985,32
5986,25
5987,1
5988,3
5989,33
5990,32
5991,25
5992,34
5993,16
5994,21
5995,34
5996,43
5997,32
5998,34
5999,28
6000,40
6001,34
6002,33
6003,10
6004,9
6005,17
6006,25
6007,3
6008,23
6009,34
6010,39
6011,32
6012,33
6013,34
6014,26
6015,34
6016,17
6017,18
6018,4
6019,9
6020,32
6021,10
6022,25
6023,43
6024,25
6025,19
6026,34
6027,0
6028,37
6029,32
6030,9
6031,42
6032,32
6033,22
6034,33
6035,39
6036,34
6037,41
6038,32
6039,32
6040,37
6041,10
6042,39
6043,32
6044,23
6045,3
6046,43
6047,25
6048,10
6049,42
6050,32
6051,21
6052,35
6053,35
6054,4
6055,12
6056,3
6057,10
6058,35
6059,25
6060,34
6061,10
6062,32
6063,25
6064,35
6065,4
6066,2
6067,1
6068,39
6069,25
6070,43
6071,38
6072,33
6073,34
6074,23
6075,10
6076,25
6077,25
6078,17
6079,41
6080,32
6081,33
6082,32
6083,34
6084,3
6085,10
6086,32
6087,35
6088,43
6089,9
6090,37
6091,25
6092,25
6093,24
6094,35
6095,11
6096,34
6097,25
6098,39
6099,25
6100,31
6101,34
6102,17
6103,32
6104,35
6105,39
6106,34
6107,25
6108,23
6109,32
6110,25
6111,41
6112,31
6113,4
6114,4
6115,34
6116,25
6117,26
6118,25
6119,19
6120,35
6121,25
6122,25
6123,10
6124,4
6125,34
6126,31
6127,32
6128,35
6129,17
6130,17
6131,39
6132,32
6133,25
6134,3
6135,33
6136,39
6137,32
6138,25
6139,3
6140,32
6141,24
6142,32
6143,26
6144,32
6145,25
6146,29
6147,25
6148,11
6149,23
6150,39
6151,32
6152,33
6153,39
6154,25
6155,25
6156,3
6157,12
6158,22
6159,23
6160,25
6161,25
6162,34
6163,17
6164,32
6165,32
6166,32
6167,22
6168,39
6169,25
6170,22
6171,32
6172,32
6173,43
6174,10
6175,25
6176,34
6177,25
6178,32
6179,34
6180,17
6181,18
6182,28
6183,39
6184,32
6185,11
6186,32
6187,32
6188,19
6189,43
6190,40
6191,19
6192,25
6193,17
6194,32
6195,10
6196,10
6197,34
6198,5
6199,4
6200,28
6201,32
6202,34
6203,32
6204,26
6205,17
6206,25
6207,32
6208,25
6209,34
6210,4
6211,4
6212,4
6213,32
6214,34
6215,25
6216,25
6217,25
6218,34
6219,2
6220,17
6221,9
6222,25
6223,32
6224,34
6225,42
6226,25
6227,25
6228,25
6229,25
6230,9
6231,34
6232,25
6233,5
6234,25
6235,34
6236,26
6237,32
6238,28
6239,39
6240,32
6241,4
6242,34
6243,32
6244,35
6245,25
6246,30
6247,33
6248,26
6249,17
6250,26
6251,30
6252,11
6253,4
6254,37
6255,4
6256,32
6257,34
6258,3
6259,34
6260,25
6261,32
6262,22
6263,32
6264,25
6265,25
6266,4
6267,9
6268,32
6269,17
6270,11
6271,32
6272,1
6273,3
6274,40
6275,32
6276,32
6277,4
6278,34
6279,22
6280,32
6281,25
6282,38
6283,23
6284,34
6285,42
6286,34
6287,32
6288,26
6289,25
6290,25
6291,3
6292,34
6293,25
6294,34
6295,33
6296,17
6297,32
6298,34
6299,32
6300,32
6301,4
6302,23
6303,23
6304,25
6305,43
6306,25
6307,29
6308,3
6309,32
6310,40
6311,32
6312,33
6313,26
6314,26
6315,34
6316,32
6317,23
6318,29
6319,33
6320,18
6321,25
6322,25
6323,22
6324,26
6325,8
6326,35
6327,45
6328,4
6329,32
6330,11
6331,25
6332,32
6333,33
6334,21
6335,42
6336,29
6337,3
6338,25
6339,37
6340,37
6341,39
6342,23
6343,41
6344,12
6345,32
6346,43
6347,4
6348,33
6349,25
6350,24
6351,11
6352,32
6353,33
6354,37
6355,32
6356,32
6357,33
6358,32
6359,32
6360,33
6361,25
6362,11
6363,11
6364,4
6365,34
6366,35
6367,29
6368,30
6369,17
6370,34
6371,10
6372,34
6373,31
6374,37
6375,18
6376,35
6377,38
6378,0
6379,39
6380,4
6381,25
6382,32
6383,40
6384,34
6385,26
6386,32
6387,35
6388,33
6389,32
6390,35
6391,26
6392,34
6393,33
6394,40
6395,32
6396,10
6397,21
6398,3
6399,17
6400,37
6401,25
6402,34
6403,17
6404,34
6405,32
6406,12
6407,25
6408,39
6409,25
6410,4
6411,35
6412,32
6413,40
6414,17
6415,11
6416,34
6417,17
6418,39
6419,32
6420,25
6421,35
6422,32
6423,3
6424,12
6425,33
6426,23
6427,17
6428,35
6429,25
6430,10
6431,34
6432,32
6433,43
6434,28
6435,25
6436,25
6437,3
6438,12
6439,39
6440,43
6441,25
6442,42
6443,34
6444,4
6445,32
6446,32
6447,25
6448,34
6449,34
6450,39
6451,33
6452,23
6453,4
6454,37
6455,12
6456,33
6457,32
6458,22
6459,25
6460,3
6461,28
6462,4
6463,34
6464,34
6465,32
6466,31
6467,34
6468,34
6469,21
6470,39
6471,33
6472,33
6473,40
6474,35
6475,37
6476,3
6477,4
6478,1
6479,32
6480,25
6481,32
6482,4
6483,32
6484,16
6485,3
6486,1
6487,39
6488,1
6489,30
6490,10
6491,31
6492,25
6493,40
6494,4
6495,32
6496,32
6497,39
6498,25
6499,32
6500,17
6501,1
6502,22
6503,16
6504,26
6505,25
6506,33
6507,25
6508,33
6509,3
6510,1
6511,19
6512,26
6513,35
6514,25
6515,25
6516,39
6517,35
6518,33
6519,32
6520,35
6521,25
6522,5
6523,32
6524,21
6525,39
6526,3
6527,35
6528,39
6529,3
6530,34
6531,33
6532,33
6533,34
6534,32
6535,17
6536,34
6537,19
6538,25
6539,34
6540,22
6541,32
6542,26
6543,39
6544,35
6545,34
6546,26
6547,35
6548,26
6549,10
6550,34
6551,37
6552,3
6553,32
6554,32
6555,3
6556,19
6557,19
6558,17
6559,32
6560,17
6561,39
6562,17
6563,34
6564,34
6565,4
6566,28
6567,32
6568,19
6569,10
6570,5
6571,35
6572,32
6573,25
6574,34
6575,25
6576,10
6577,43
6578,32
6579,32
6580,17
6581,32
6582,26
6583,39
6584,34
6585,25
6586,35
6587,32
6588,17
6589,34
6590,9
6591,32
6592,32
6593,34
6594,25
6595,11
6596,29
6597,25
6598,34
6599,41
6600,39
6601,25
6602,34
6603,12
6604,32
6605,25
6606,26
6607,41
6608,35
6609,32
6610,23
6611,32
6612,31
6613,34
6614,34
6615,34
6616,34
6617,33
6618,32
6619,10
6620,35
6621,23
6622,1
6623,26
6624,32
6625,16
6626,35
6627,39
6628,17
6629,39
6630,26
6631,12
6632,1
6633,32
6634,34
6635,34
6636,10
6637,16
6638,26
6639,32
6640,39
6641,39
6642,32
6643,25
6644,25
6645,25
6646,34
6647,19
6648,33
6649,40
6650,4
6651,34
6652,19
6653,21
6654,25
6655,22
6656,34
6657,33
6658,25
6659,1
6660,32
6661,33
6662,42
6663,32
6664,26
6665,5
6666,35
6667,27
6668,39
6669,4
6670,25
6671,39
6672,34
6673,40
6674,26
6675,19
6676,37
6677,34
6678,34
6679,25
6680,25
6681,25
6682,23
6683,29
6684,39
6685,37
6686,36
6687,35
6688,41
6689,35
6690,25
6691,4
6692,32
6693,25
6694,33
6695,33
6696,34
6697,40
6698,39
6699,32
6700,19
6701,33
6702,35
6703,22
6704,34
6705,34
6706,3
6707,19
6708,17
6709,10
6710,32
6711,34
6712,25
6713,34
6714,25
6715,39
6716,25
6717,25
6718,4
6719,32
6720,25
6721,32
6722,34
6723,32
6724,32
6725,34
6726,25
6727,26
6728,26
6729,41
6730,33
6731,34
6732,32
6733,25
6734,25
6735,23
6736,25
6737,35
6738,34
6739,10
6740,38
6741,40
6742,25
6743,32
6744,31
6745,26
6746,10
6747,4
6748,34
6749,25
6750,35
6751,4
6752,4
6753,26
6754,11
6755,33
6756,25
6757,32
6758,8
6759,25
6760,21
6761,25
6762,25
6763,28
6764,32
6765,32
6766,38
6767,39
6768,25
6769,42
6770,35
6771,3
6772,32
6773,39
6774,34
6775,39
6776,25
6777,34
6778,32
6779,3
6780,32
6781,25
6782,4
6783,32
6784,32
6785,4
6786,34
6787,25
6788,38
6789,12
6790,25
6791,32
6792,31
6793,30
6794,33
6795,9
6796,35
6797,5
6798,34
6799,34
6800,25
6801,32
6802,1
6803,19
6804,17
6805,12
6806,25
6807,39
6808,17
6809,35
6810,26
6811,25
6812,25
6813,12
6814,25
6815,10
6816,17
6817,25
6818,37
6819,32
6820,27
6821,34
6822,34
6823,32
6824,25
6825,35
6826,25
6827,17
6828,39
6829,3
6830,39
6831,25
6832,32
6833,28
6834,4
6835,25
6836,32
6837,32
6838,12
6839,32
6840,32
6841,34
6842,25
6843,40
6844,43
6845,33
6846,25
6847,32
6848,32
6849,28
6850,34
6851,34
6852,31
6853,22
6854,11
6855,32
6856,25
6857,34
6858,34
6859,17
6860,25
6861,10
6862,19
6863,33
6864,19
6865,25
6866,22
6867,11
6868,12
6869,26
6870,34
6871,32
6872,32
6873,28
6874,1
6875,39
6876,4
6877,34
6878,21
6879,17
6880,32
6881,3
6882,10
6883,42
6884,10
6885,39
6886,8
6887,32
6888,38
6889,10
6890,3
6891,33
6892,33
6893,32
6894,22
6895,32
6896,26
6897,1
6898,32
6899,25
6900,39
6901,25
6902,34
6903,32
6904,25
6905,43
6906,37
6907,29
6908,33
6909,4
6910,21
6911,39
6912,33
6913,25
6914,34
6915,26
6916,25
6917,33
6918,10
6919,34
6920,32
6921,26
6922,3
6923,39
6924,32
6925,25
6926,17
6927,32
6928,1
6929,25
6930,27
6931,25
6932,32
6933,33
6934,8
6935,33
6936,39
6937,28
6938,28
6939,39
6940,32
6941,10
6942,34
6943,25
6944,32
6945,3
6946,40
6947,32
6948,25
6949,25
6950,32
6951,4
6952,24
6953,4
6954,10
6955,31
6956,42
6957,23
6958,17
6959,23
6960,39
6961,34
6962,31
6963,31
6964,32
6965,33
6966,23
6967,32
6968,21
6969,25
6970,32
6971,23
6972,4
6973,25
6974,35
6975,10
6976,34
6977,12
6978,17
6979,17
6980,32
6981,39
6982,38
6983,32
6984,37
6985,39
6986,32
6987,40
6988,22
6989,31
6990,26
6991,32
6992,5
6993,19
6994,32
6995,40
6996,32
6997,32
6998,34
6999,25
7000,43
7001,31
7002,33
7003,34
7004,32
7005,32
7006,34
7007,4
7008,25
7009,25
7010,32
7011,34
7012,25
7013,26
7014,34
7015,40
7016,25
7017,25
7018,10
7019,40
7020,32
7021,31
7022,16
7023,1
7024,33
7025,34
7026,34
7027,39
7028,32
7029,25
7030,13
7031,34
7032,34
7033,17
7034,37
7035,32
7036,42
7037,35
7038,16
7039,32
7040,25
7041,34
7042,32
7043,27
7044,3
7045,43
7046,4
7047,26
7048,25
7049,34
7050,21
7051,23
7052,16
7053,37
7054,8
7055,32
7056,3
7057,33
7058,32
7059,32
7060,21
7061,3
7062,25
7063,4
7064,34
7065,27
7066,17
7067,25
7068,17
7069,23
7070,34
7071,17
7072,19
7073,39
7074,19
7075,4
7076,1
7077,25
7078,39
7079,25
7080,37
7081,32
7082,32
7083,25
7084,35
7085,33
7086,34
7087,34
7088,25
7089,23
7090,39
7091,29
7092,25
7093,23
7094,9
7095,25
7096,32
7097,43
7098,39
7099,25
7100,40
7101,17
7102,32
7103,4
7104,32
7105,34
7106,25
7107,34
7108,34
7109,25
7110,42
7111,33
7112,3
7113,39
7114,28
7115,17
7116,35
7117,34
7118,24
7119,25
7120,34
7121,32
7122,32
7123,32
7124,34
7125,32
7126,25
7127,32
7128,1
7129,39
7130,34
7131,19
7132,33
7133,32
7134,32
7135,25
7136,34
7137,34
7138,30
7139,32
7140,34
7141,11
7142,26
7143,4
7144,25
7145,17
7146,31
7147,17
7148,25
7149,32
7150,25
7151,35
7152,23
7153,25
7154,35
7155,32
7156,28
7157,21
7158,12
7159,22
7160,40
7161,25
7162,38
7163,25
7164,34
7165,23
7166,34
7167,36
7168,32
7169,34
7170,32
7171,4
7172,31
7173,25
7174,34
7175,25
7176,17
7177,4
7178,25
7179,25
7180,4
7181,34
7182,31
7183,34
7184,39
7185,39
7186,4
7187,24
7188,35
7189,9
7190,25
7191,39
7192,34
7193,28
7194,27
7195,31
7196,32
7197,11
7198,21
7199,17
7200,38
7201,25
7202,11
7203,32
7204,26
7205,39
7206,25
7207,38
7208,38
7209,33
7210,0
7211,42
7212,25
7213,25
7214,32
7215,17
7216,10
7217,32
7218,24
7219,32
7220,25
7221,32
7222,32
7223,23
7224,17
7225,34
7226,39
7227,25
7228,25
7229,9
7230,28
7231,0
7232,39
7233,25
7234,40
7235,26
7236,25
7237,29
7238,27
7239,32
7240,32
7241,25
7242,34
7243,17
7244,35
7245,32
7246,34
7247,28
7248,13
7249,25
7250,25
7251,39
7252,32
7253,21
7254,25
7255,1
7256,32
7257,25
7258,0
7259,10
7260,35
7261,22
7262,25
7263,12
7264,0
7265,34
7266,25
7267,34
7268,25
7269,4
7270,40
7271,34
7272,31
7273,0
7274,34
7275,21
7276,25
7277,35
7278,37
7279,32
7280,39
7281,34
7282,32
7283,32
7284,32
7285,32
7286,25
7287,18
7288,9
7289,26
7290,17
7291,17
7292,35
7293,24
7294,10
7295,17
7296,25
7297,26
7298,34
7299,17
7300,29
7301,18
7302,32
7303,28
7304,17
7305,28
7306,32
7307,25
7308,31
7309,40
7310,3
7311,34
7312,26
7313,23
7314,25
7315,33
7316,3
7317,34
7318,10
7319,3
7320,2
7321,4
7322,39
7323,23
7324,32
7325,26
7326,23
7327,30
7328,25
7329,19
7330,26
7331,39
7332,1
7333,25
7334,28
7335,19
7336,19
7337,28
7338,32
7339,23
7340,10
7341,25
7342,40
7343,17
7344,10
7345,11
7346,33
7347,25
7348,32
7349,34
7350,33
7351,32
7352,28
7353,40
7354,36
7355,12
7356,30
7357,32
7358,35
7359,25
7360,23
7361,34
7362,17
7363,29
7364,32
7365,41
7366,25
7367,32
7368,33
7369,32
7370,34
7371,32
7372,25
7373,42
7374,23
7375,25
7376,34
7377,32
7378,32
7379,33
7380,17
7381,32
7382,2
7383,26
7384,25
7385,3
7386,37
7387,32
7388,32
7389,26
7390,35
7391,32
7392,25
7393,39
7394,1
7395,32
7396,38
7397,19
7398,32
7399,27
7400,17
7401,25
7402,25
7403,28
7404,32
7405,25
7406,25
7407,23
7408,1
7409,19
7410,25
7411,34
7412,3
7413,32
7414,33
7415,3
7416,32
7417,12
7418,34
7419,33
7420,25
7421,26
7422,32
7423,17
7424,5
7425,40
7426,32
7427,11
7428,25
7429,32
7430,25
7431,4
7432,32
7433,38
7434,31
7435,43
7436,32
7437,25
7438,36
7439,25
7440,37
7441,25
7442,32
7443,32
7444,32
7445,34
7446,42
7447,25
7448,25
7449,34
7450,25
7451,32
7452,25
7453,34
7454,38
7455,9
7456,32
7457,32
7458,25
7459,32
7460,32
7461,39
7462,26
7463,35
7464,27
7465,4
7466,26
7467,32
7468,32
7469,43
7470,39
7471,32
7472,26
7473,32
7474,23
7475,36
7476,11
7477,32
7478,10
7479,40
7480,25
7481,40
7482,33
7483,21
7484,35
7485,34
7486,34
7487,12
7488,32
7489,25
7490,39
7491,4
7492,22
7493,32
7494,17
7495,32
7496,4
7497,4
7498,34
7499,32
7500,34
7501,33
7502,34
7503,10
7504,3
7505,32
7506,17
7507,39
7508,34
7509,34
7510,25
7511,29
7512,25
7513,34
7514,32
7515,10
7516,40
7517,32
7518,11
7519,32
7520,42
7521,32
7522,22
7523,32
7524,25
7525,34
7526,34
7527,25
7528,25
7529,24
7530,25
7531,26
7532,39
7533,35
7534,3
7535,3
7536,32
7537,34
7538,32
7539,39
7540,34
7541,25
7542,17
7543,32
7544,34
7545,34
7546,34
7547,33
7548,34
7549,39
7550,33
7551,32
7552,25
7553,1
7554,31
7555,30
7556,25
7557,32
7558,5
7559,32
7560,38
7561,39
7562,25
7563,21
7564,3
7565,33
7566,10
7567,4
7568,25
7569,4
7570,38
7571,32
7572,25
7573,43
7574,35
7575,32
7576,33
7577,1
7578,17
7579,39
7580,31
7581,34
7582,3
7583,25
7584,31
7585,34
7586,40
7587,32
7588,32
7589,10
7590,32
7591,19
7592,32
7593,25
7594,1
7595,19
7596,4
7597,33
7598,25
7599,32
7600,34
7601,32
7602,25
7603,33
7604,10
7605,34
7606,1
7607,21
7608,17
7609,35
7610,34
7611,31
7612,25
7613,22
7614,27
7615,32
7616,27
7617,32
7618,4
7619,32
7620,3
7621,23
7622,32
7623,39
7624,25
7625,42
7626,3
7627,34
7628,25
7629,37
7630,25
7631,4
7632,32
7633,32
7634,34
7635,35
7636,5
7637,35
7638,40
7639,32
7640,34
7641,10
7642,42
7643,41
7644,10
7645,34
7646,25
7647,35
7648,3
7649,33
7650,25
7651,25
7652,32
7653,15
7654,33
7655,34
7656,39
7657,17
7658,34
7659,37
7660,40
7661,26
7662,32
7663,32
7664,40
7665,34
7666,25
7667,32
7668,10
7669,12
7670,3
7671,32
7672,4
7673,37
7674,25
7675,29
7676,26
7677,23
7678,42
7679,22
7680,32
7681,33
7682,33
7683,32
7684,3
7685,35
7686,31
7687,43
7688,39
7689,34
7690,39
7691,27
7692,17
7693,34
7694,35
7695,32
7696,17
7697,4
7698,37
7699,32
7700,34
7701,32
7702,33
7703,10
7704,26
7705,32
7706,33
7707,21
7708,25
7709,32
7710,32
7711,35
7712,25
7713,25
7714,32
7715,33
7716,42
7717,27
7718,41
7719,3
7720,39
7721,17
7722,32
7723,32
7724,25
7725,32
7726,34
7727,32
7728,40
7729,19
7730,34
7731,25
7732,34
7733,34
7734,25
7735,25
7736,40
7737,3
7738,3
7739,22
7740,34
7741,34
7742,39
7743,27
7744,40
7745,19
7746,12
7747,3
7748,32
7749,19
7750,16
7751,19
7752,33
7753,26
7754,28
7755,32
7756,28
7757,43
7758,29
7759,40
7760,22
7761,32
7762,4
7763,25
7764,33
7765,32
7766,25
7767,3
7768,3
7769,25
7770,4
7771,0
7772,4
7773,27
7774,34
7775,23
7776,34
7777,30
7778,10
7779,39
7780,25
7781,42
7782,32
7783,32
7784,34
7785,25
7786,34
7787,32
7788,3
7789,35
7790,4
7791,35
7792,35
7793,22
7794,37
7795,29
7796,39
7797,39
7798,25
7799,35
7800,32
7801,26
7802,11
7803,32
7804,35
7805,25
7806,34
7807,32
7808,25
7809,10
7810,19
7811,1
7812,40
7813,34
7814,25
7815,35
7816,25
7817,31
7818,4
7819,32
7820,38
7821,39
7822,25
7823,32
7824,38
7825,17
7826,14
7827,3
7828,34
7829,35
7830,4
7831,25
7832,32
7833,37
7834,39
7835,19
7836,10
7837,39
7838,34
7839,33
7840,25
7841,25
7842,1
7843,35
7844,35
7845,42
7846,25
7847,39
7848,33
7849,23
7850,34
7851,35
7852,32
7853,34
7854,22
7855,7
7856,26
7857,1
7858,35
7859,25
7860,33
7861,32
7862,32
7863,10
7864,32
7865,10
7866,25
7867,25
7868,34
7869,32
7870,32
7871,42
7872,39
7873,34
7874,40
7875,26
7876,34
7877,10
7878,25
7879,25
7880,32
7881,12
7882,32
7883,32
7884,34
7885,25
7886,32
7887,12
7888,38
7889,23
7890,24
7891,25
7892,25
7893,34
7894,32
7895,26
7896,35
7897,32
7898,11
7899,35
7900,32
7901,32
7902,25
7903,34
7904,34
7905,32
7906,32
7907,32
7908,32
7909,33
7910,32
7911,1
7912,32
7913,32
7914,9
7915,26
7916,39
7917,32
7918,40
7919,25
7920,32
7921,1
7922,32
7923,26
7924,32
7925,4
7926,25
7927,1
7928,34
7929,34
7930,4
7931,35
7932,25
7933,28
7934,25
7935,25
7936,25
7937,31
7938,4
7939,32
7940,43
7941,2
7942,43
7943,34
7944,19
7945,40
7946,25
7947,33
7948,39
7949,16
7950,40
7951,34
7952,25
7953,35
7954,32
7955,34
7956,25
7957,34
7958,34
7959,4
7960,34
7961,28
7962,32
7963,32
7964,4
7965,11
7966,33
7967,34
7968,10
7969,27
7970,40
7971,33
7972,12
7973,4
7974,17
7975,25
7976,4
7977,3
7978,32
7979,17
7980,25
7981,11
7982,17
7983,37
7984,32
7985,4
7986,32
7987,32
7988,25
7989,16
7990,25
7991,34
7992,32
7993,17
7994,28
7995,34
7996,3
7997,32
7998,25
7999,3
8000,23
8001,1
8002,4
8003,25
8004,34
8005,43
8006,3
8007,32
8008,28
8009,42
8010,32
8011,17
8012,31
8013,32
8014,3
8015,32
8016,3
8017,33
8018,21
8019,42
8020,34
8021,32
8022,25
8023,39
8024,34
8025,12
8026,17
8027,1
8028,35
8029,34
8030,34
8031,34
8032,33
8033,33
8034,32
8035,0
8036,10
8037,32
8038,1
8039,11
8040,28
8041,23
8042,32
8043,10
8044,34
8045,32
8046,35
8047,34
8048,25
8049,34
8050,32
8051,32
8052,34
8053,2
8054,17
8055,32
8056,31
8057,22
8058,17
8059,28
8060,10
8061,32
8062,4
8063,25
8064,4
8065,32
8066,31
8067,30
8068,12
8069,23
8070,32
8071,32
8072,41
8073,39
8074,38
8075,3
8076,32
8077,34
8078,16
8079,33
8080,36
8081,34
8082,25
8083,21
8084,35
8085,12
8086,10
8087,37
8088,25
8089,37
8090,39
8091,28
8092,34
8093,24
8094,25
8095,5
8096,32
8097,34
8098,28
8099,17
8100,42
8101,39
8102,23
8103,25
8104,4
8105,37
8106,25
8107,17
8108,25
8109,32
8110,32
8111,25
8112,23
8113,35
8114,40
8115,32
8116,38
8117,34
8118,39
8119,25
8120,34
8121,33
8122,39
8123,10
8124,32
8125,35
8126,32
8127,43
8128,25
8129,17
8130,31
8131,12
8132,28
8133,3
8134,25
8135,34
8136,8
8137,25
8138,4
8139,40
8140,41
8141,35
8142,40
8143,34
8144,35
8145,32
8146,25
8147,25
8148,40
8149,25
8150,26
8151,32
8152,26
8153,22
8154,10
8155,5
8156,34
8157,32
8158,10
8159,32
8160,28
8161,37
8162,35
8163,42
8164,32
8165,10
8166,41
8167,4
8168,25
8169,17
8170,26
8171,32
8172,32
8173,17
8174,32
8175,34
8176,27
8177,25
8178,26
8179,31
8180,34
8181,17
8182,35
8183,3
8184,25
8185,34
8186,25
8187,4
8188,39
8189,25
8190,34
8191,12
8192,37
8193,1
8194,34
8195,17
8196,25
8197,34
8198,34
8199,3
8200,25
8201,35
8202,32
8203,3
8204,31
8205,4
8206,32
8207,23
8208,1
8209,25
8210,39
8211,18
8212,32
8213,38
8214,32
8215,4
8216,32
8217,40
8218,39
8219,28
8220,25
8221,4
8222,21
8223,3
8224,22
8225,17
8226,10
8227,32
8228,39
8229,32
8230,32
8231,35
8232,31
8233,25
8234,32
8235,25
8236,32
8237,25
8238,25
8239,40
8240,23
8241,32
8242,32
8243,35
8244,35
8245,32
8246,25
8247,32
8248,25
8249,40
8250,23
8251,25
8252,34
8253,34
8254,10
8255,37
8256,10
8257,25
8258,10
8259,32
8260,32
8261,11
8262,39
8263,32
8264,17
8265,33
8266,25
8267,16
8268,25
8269,25
8270,3
8271,35
8272,35
8273,34
8274,34
8275,32
8276,32
8277,21
8278,32
8279,32
8280,4
8281,36
8282,4
8283,25
8284,0
8285,32
8286,34
8287,39
8288,9
8289,27
8290,4
8291,31
8292,39
8293,39
8294,6
8295,39
8296,3
8297,34
8298,3
8299,34
8300,17
8301,18
8302,25
8303,40
8304,4
8305,32
8306,1
8307,39
8308,34
8309,32
8310,18
8311,19
8312,43
8313,33
8314,39
8315,34
8316,25
8317,25
8318,23
8319,3
8320,4
8321,32
8322,19
8323,40
8324,42
8325,32
8326,34
8327,31
8328,32
8329,22
8330,32
8331,25
8332,23
8333,32
8334,32
8335,32
8336,32
8337,23
8338,10
8339,38
8340,3
8341,11
8342,25
8343,43
8344,25
8345,18
8346,22
8347,4
8348,26
8349,32
8350,32
8351,25
8352,35
8353,32
8354,23
8355,25
8356,10
8357,33
8358,32
8359,32
8360,10
8361,42
8362,1
8363,34
8364,25
8365,32
8366,23
8367,32
8368,34
8369,3
8370,32
8371,32
8372,39
8373,32
8374,25
8375,32
8376,33
8377,32
8378,29
8379,25
8380,37
8381,35
8382,32
8383,34
8384,33
8385,34
8386,17
8387,34
8388,32
8389,32
8390,17
8391,34
8392,34
8393,11
8394,25
8395,25
8396,39
8397,25
8398,32
8399,25
8400,26
8401,17
8402,4
8403,17
8404,3
8405,34
8406,4
8407,34
8408,39
8409,41
8410,9
8411,17
8412,26
8413,39
8414,35
8415,25
8416,17
8417,4
8418,11
8419,35
8420,33
8421,11
8422,33
8423,23
8424,39
8425,33
8426,25
8427,22
8428,42
8429,14
8430,34
8431,28
8432,25
8433,32
8434,26
8435,32
8436,32
8437,32
8438,4
8439,4
8440,25
8441,43
8442,34
8443,34
8444,35
8445,25
8446,32
8447,32
8448,35
8449,29
8450,32
8451,34
8452,35
8453,33
8454,26
8455,33
8456,12
8457,7
8458,32
8459,39
8460,16
8461,32
8462,3
8463,4
8464,3
8465,25
8466,10
8467,35
8468,32
8469,4
8470,34
8471,25
8472,12
8473,34
8474,32
8475,17
8476,34
8477,12
8478,39
8479,4
8480,25
8481,43
8482,13
8483,32
8484,39
8485,37
8486,10
8487,42
8488,35
8489,4
8490,9
8491,25
8492,39
8493,17
8494,4
8495,33
8496,40
8497,34
8498,10
8499,32
8500,4
8501,17
8502,25
8503,39
8504,33
8505,43
8506,39
8507,25
8508,32
8509,32
8510,41
8511,32
8512,25
8513,24
8514,32
8515,25
8516,39
8517,32
8518,32
8519,39
8520,34
8521,34
8522,37
8523,25
8524,33
8525,11
8526,10
8527,32
8528,25
8529,32
8530,26
8531,1
8532,32
8533,31
8534,32
8535,17
8536,39
8537,33
8538,32
8539,32
8540,39
8541,22
8542,25
8543,25
8544,10
8545,32
8546,33
8547,35
8548,10
8549,25
8550,32
8551,26
8552,32
8553,25
8554,10
8555,39
8556,25
8557,19
8558,35
8559,32
8560,43
8561,25
8562,11
8563,39
8564,26
8565,34
8566,39
8567,21
8568,25
8569,4
8570,10
8571,25
8572,41
8573,25
8574,4
8575,30
8576,25
8577,39
8578,32
8579,34
8580,10
8581,19
8582,32
8583,35
8584,34
8585,25
8586,27
8587,12
8588,12
8589,34
8590,3
8591,40
8592,39
8593,1
8594,35
8595,3
8596,27
8597,4
8598,25
8599,35
8600,32
8601,35
8602,32
8603,5
8604,25
8605,34
8606,25
8607,31
8608,32
8609,4
8610,32
8611,27
8612,4
8613,19
8614,4
8615,23
8616,35
8617,22
8618,42
8619,34
8620,42
8621,25
8622,34
8623,25
8624,35
8625,33
8626,3
8627,38
8628,34
8629,37
8630,27
8631,34
8632,35
8633,25
8634,32
8635,32
8636,32
8637,28
8638,34
8639,17
8640,4
8641,1
8642,25
8643,32
8644,25
8645,32
8646,33
8647,25
8648,25
8649,26
8650,39
8651,17
8652,32
8653,32
8654,32
8655,4
8656,39
8657,37
8658,32
8659,4
8660,40
8661,23
8662,26
8663,25
8664,31
8665,3
8666,32
8667,34
8668,37
8669,32
8670,25
8671,37
8672,28
8673,25
8674,10
8675,34
8676,26
8677,25
8678,34
8679,24
8680,32
8681,31
8682,26
8683,32
8684,26
8685,19
8686,34
8687,4
8688,32
8689,34
8690,3
8691,25
8692,39
8693,23
8694,32
8695,25
8696,36
8697,39
8698,32
8699,32
8700,12
8701,34
8702,40
8703,25
8704,4
8705,32
8706,39
8707,10
8708,17
8709,34
8710,32
8711,32
8712,16
8713,32
8714,25
8715,22
8716,10
8717,34
8718,31
8719,40
8720,4
8721,16
8722,10
8723,25
8724,39
8725,31
8726,25
8727,25
8728,32
8729,32
8730,11
8731,39
8732,34
8733,1
8734,19
8735,8
8736,19
8737,32
8738,26
8739,25
8740,32
8741,25
8742,23
8743,34
8744,4
8745,34
8746,32
8747,32
8748,20
8749,32
8750,32
8751,32
8752,43
8753,31
8754,32
8755,24
8756,32
8757,34
8758,25
8759,3
8760,25
8761,33
8762,35
8763,21
8764,40
8765,29
8766,25
8767,32
8768,4
8769,10
8770,26
8771,32
8772,32
8773,32
8774,39
8775,25
8776,25
8777,25
8778,25
8779,32
8780,32
8781,43
8782,29
8783,19
8784,25
8785,12
8786,35
8787,26
8788,37
8789,33
8790,39
8791,43
8792,40
8793,28
8794,33
8795,32
8796,25
8797,39
8798,11
8799,4
8800,25
8801,11
8802,25
8803,25
8804,31
8805,10
8806,25
8807,4
